name,gender,inhouse,headline,urls,description,photo
青山瑠妙,2,,早稲田大学大学院アジア太平洋研究科　教授,https://www.nikkei.com/topics/topic_expert_EVP01001,早稲田大学現代中国研究所の所長。著書『現代中国の外交』は2008年に大平正芳記念賞を受賞。米スタンフォード大やジョージ・ワシントン大で客員研究員の経験を持ち、幅広い視点から中国の政治・外交を分析する。成長と覇権の間で揺れる中国ニュースを読み解く視点を提供する。【注目するニュース分野】国際関係論、現代中国外交,https://article-image-ix.nikkei.com/https%3A%2F%2Fimgix-proxy.n8s.jp%2Ftopic%2FEVP01001-1-1.jpg?ixlib=js-2.3.2&auto=format%2Ccompress&fit=max&ch=Width%2CDPR&s=c0dbdee069b63708e886a281dfce7211
赤川省吾,1,TRUE,日本経済新聞社　欧州総局編集委員,https://www.nikkei.com/topics/topic_expert_EVP01069,欧州全域の政治・経済・文化に精通し、欧州の政治家やセントラルバンカーに幅広い人脈を持つ。1999年に新聞協会賞。政治学博士(ベルリン自由大学/戦後ドイツ史の研究)。日欧の双方で著書、学術論文、テレビ出演、講演など多数。近著に「Die Japanpolitik der DDR」「金融の世界現代史」。ベルリン自由大学非常勤講師。【注目するニュース分野】欧州政治・経済・文化,https://article-image-ix.nikkei.com/https%3A%2F%2Fimgix-proxy.n8s.jp%2Ftopic%2FEVP01069-1-1.png?ixlib=js-2.3.2&auto=format%2Ccompress&fit=max&ch=Width%2CDPR&s=63305339ec5bec20146305936a1ee50f
秋田浩之,1,TRUE,日本経済新聞社　本社コメンテーター,https://www.nikkei.com/topics/topic_expert_EVP01002,国内外の外交、安全保障問題のエキスパートとして「Deep Insight」など論評コラムを連載。北京やワシントンでの駐在、英フィナンシャル・タイムズ紙の論説委員会に勤務し、社説を執筆。著書に『暗流　米中日外交三国志』、『乱流　米中日安全保障三国志』。18年度ボーン・上田記念国際記者賞。【注目するニュース分野】グローバル,https://article-image-ix.nikkei.com/https%3A%2F%2Fimgix-proxy.n8s.jp%2Ftopic%2FEVP01002-1-1.png?ixlib=js-2.3.2&auto=format%2Ccompress&fit=max&ch=Width%2CDPR&s=33b35a995a6eb819493842af204b5522
浅川直輝,1,,日経BP　「日経コンピュータ」編集長,https://www.nikkei.com/topics/topic_expert_EVP01088,2003年に日経BP入社。日経エレクトロニクス、日本経済新聞を経て現職。人工知能（AI）や量子コンピューターなどの先端技術に加え、企業DX（デジタル変革）、デジタル政府、データプライバシーなどをテーマに取材・執筆している。技術、ビジネス、社会を横串にさせるジャーナリストを目指す。編著『なぜデジタル政府は失敗し続けるのか』（日経BP）。人工知能学会倫理委員。【注目するニュース分野】IT、デジタル社会、科学,https://article-image-ix.nikkei.com/https%3A%2F%2Fimgix-proxy.n8s.jp%2Ftopic%2FEVP01088-1-1.jpg?ixlib=js-2.3.2&auto=format%2Ccompress&fit=max&ch=Width%2CDPR&s=06774c5b8d9fa4eed8be62ab3c0d5719
天野彬,1,,電通 電通メディアイノベーションラボ　主任研究員,https://www.nikkei.com/topics/topic_expert_EVP01074,1986年生まれ。東京大学大学院学際情報学府修士課程修了（M.A.）。2012年電通入社後、マーケティング・新規事業開発部門を経て現職。著書に『シェアしたがる心理』、『SNS変遷史』『情報メディア白書（共著）』など。SNSのトレンドやマーケティング活用についてのコンサルティングや研究開発を専門とする。【注目するニュース分野】ＳＮＳ、マーケティング、広告、若者の文化や消費,https://article-image-ix.nikkei.com/https%3A%2F%2Fimgix-proxy.n8s.jp%2Ftopic%2FEVP01074-1-1.jpg?ixlib=js-2.3.2&auto=format%2Ccompress&fit=max&ch=Width%2CDPR&s=50f1b132dd3b1f6c0124c41f13b1c5b5
新井紀子,2,,国立情報学研究所　社会共有知研究センター　センター長・教授,https://www.nikkei.com/topics/topic_expert_EVP01089,東京都出身。一橋大学法学部、米イリノイ大学数学科卒業。イリノイ大院を経て、東京工業大学博士（理学）。専門は数理論理学。2011年から人工知能（ＡＩ）プロジェクト「ロボットは東大に入れるか」を主導。 16年からは読解力を診断する「リーディングスキルテスト」を開発。研究者情報システムresearchmapの研究開発も担う。 『AI vs. 教科書が読めない子どもたち』、『ＡＩに負けない子どもを育てる』など著書多数。一般社団法人　教育のための科学研究所　代表理事・所長。ＨＰ：https://researchmap.jp/arai_noriko【注目するニュース分野】ＡＩ、教育,https://article-image-ix.nikkei.com/https%3A%2F%2Fimgix-proxy.n8s.jp%2Ftopic%2FEVP01089-1-1.jpg?ixlib=js-2.3.2&auto=format%2Ccompress&fit=max&ch=Width%2CDPR&s=46f5ba4f5d6e6c45b28500c3f338a1cf
池内恵,1,,東京大学先端科学技術研究センター　教授,https://www.nikkei.com/topics/topic_expert_EVP01046,中東情勢を理解し、日本に伝えてきた第一人者。日本貿易振興機構アジア経済研究所研究員、国際日本文化研究センター准教授を経て、2008年10月より東京大学先端科学技術研究センター准教授、2018年10月より現職。著書に『現代アラブの社会思想』(大佛次郎論壇賞)、『書物の運命』(毎日書評賞)、『イスラーム世界の論じ方』(サントリー学芸賞)、『イスラーム国の衝撃』(毎日出版文化賞特別賞)など多数。東大先端研内のシンクタンク「ROLES」でも発信中。Peatix：https://gsr-rcast.peatix.com/Twitter：https://twitter.com/rcastletsrole【注目するニュース分野】グローバルセキュリティ・イスラム政治思想,https://article-image-ix.nikkei.com/https%3A%2F%2Fimgix-proxy.n8s.jp%2Ftopic%2FEVP01046-1-1.png?ixlib=js-2.3.2&auto=format%2Ccompress&fit=max&ch=Width%2CDPR&s=b0a17155ab5df3e59c223983f42103de
池上彰,1,,ジャーナリスト・東京工業大学特命教授,https://www.nikkei.com/topics/topic_expert_EVP01003,1973年に記者としてＮＨＫ入局。東京社会部などで報道に携わった。94年から11年間、「週刊こどもニュース」のお父さん役として活躍。2005年、フリーに。コラム、書籍、テレビなどでのわかりやい解説が幅広い世代の支持を得ている。12年から日本経済新聞及び日経電子版にて、若者向けコラムを連載している。【注目するニュース分野】政治、経済、社会、教育、歴史,https://article-image-ix.nikkei.com/https%3A%2F%2Fimgix-proxy.n8s.jp%2Ftopic%2FEVP01003-1-1.jpg?ixlib=js-2.3.2&auto=format%2Ccompress&fit=max&ch=Width%2CDPR&s=84397770e7b6b4f9d8b78f42e7d2cca6
伊佐山元,1,,WiL　共同創業者兼CEO,https://www.nikkei.com/topics/topic_expert_EVP01078,1997年東京大学法学部卒業後、日本興業銀行（現・みずほフィナンシャルグループ）に入行、スタンフォード大学ビジネススクールに留学後、米大手ベンチャーキャピタルのDCM本社パートナーとして、シリコンバレーで10年間にわたり、日米中のITベンチャーへの投資育成を手掛ける。2013年、日米を中心としたベンチャー企業の投資・事業支援を行うWiLを創業。【注目するニュース分野】ベンチャー、IT全般、金融、教育,https://article-image-ix.nikkei.com/https%3A%2F%2Fimgix-proxy.n8s.jp%2Ftopic%2FEVP01078-1-1.jpg?ixlib=js-2.3.2&auto=format%2Ccompress&fit=max&ch=Width%2CDPR&s=883fde7e3f118422267ed725b2b65ddc
石川温,1,,スマホジャーナリスト,https://www.nikkei.com/topics/topic_expert_EVP01047,月刊誌「日経TRENDY」編集記者を経て、2003年にジャーナリストとして独立。携帯電話を中心に国内外のモバイル業界を取材し、一般誌や専門誌、女性誌などで幅広く執筆。ラジオNIKKEIで「スマホNo.1メディア」に出演。近著に「未来IT図解　これからの5Gビジネス」（エムディエヌコーポレーション）がある。 Clubhouse: iskw226【注目するニュース分野】テクノロジー、モバイル、通信,https://article-image-ix.nikkei.com/https%3A%2F%2Fimgix-proxy.n8s.jp%2Ftopic%2FEVP01047-1-1.png?ixlib=js-2.3.2&auto=format%2Ccompress&fit=max&ch=Width%2CDPR&s=f3f1713310b84f3ece682ce167a08623
石倉洋子,2,,一橋大学　名誉教授,https://www.nikkei.com/topics/topic_expert_EVP01091,米バージニア大学大学院経営学修士（MBA）、ハーバード大学大学院経営学博士(DBA)修了。マッキンゼー・アンド・カンパニーを経て青山学院、一橋、慶応義塾の各大学・大学院で教授を歴任。専門は経営戦略やグローバル人材。資生堂などの社外取締役も務める。著書に「タルピオット　イスラエル式エリート養成プログラム」（共著、日本経済新聞出版社）などがある。【注目するニュース分野】経営戦略、グローバル人材,https://article-image-ix.nikkei.com/https%3A%2F%2Fimgix-proxy.n8s.jp%2Ftopic%2FEVP01091-1-1.jpg?ixlib=js-2.3.2&auto=format%2Ccompress&fit=max&ch=Width%2CDPR&s=be28612fc5e9001ed7c3a9c390bae8fc
石塚由紀夫,1,TRUE,日本経済新聞社　編集委員,https://www.nikkei.com/topics/topic_expert_EVP01004,女性活躍推進やシニア雇用といったダイバーシティ（人材の多様化）、働き方改革など企業の人事戦略を30年以上にわたり、取材・執筆。女性面編集長を経て現職。近著は「味の素『残業ゼロ』改革」（日本経済新聞出版社）。ニューズレター「Workstyle2030」を毎週執筆中。【注目するニュース分野】働き方・雇用,https://article-image-ix.nikkei.com/https%3A%2F%2Fimgix-proxy.n8s.jp%2Ftopic%2FEVP01004-1-1.png?ixlib=js-2.3.2&auto=format%2Ccompress&fit=max&ch=Width%2CDPR&s=f93e379793e8e0ecef0bb2b2e81e8e14
磯田道史,1,,国際日本文化研究センター　教授,https://www.nikkei.com/topics/topic_expert_EVP01080,1970年岡山市生まれ。94年慶応大文卒、2002年慶大院卒。博士(史学)。茨城大助教授、静岡文化芸術大教授を経て、16年国際日本文化研究センター准教授。21年4月から現職。専門は日本近世・近代史。東日本大震災後は歴史災害を調べ防災に役立てる。著書に「天災から日本史を読みなおす」（中公新書）、「感染症の日本史」（文春新書）、「武士の家計簿」（新潮新書）など。【注目するニュース分野】歴史・考古学、文学、美術、災害,https://article-image-ix.nikkei.com/https%3A%2F%2Fimgix-proxy.n8s.jp%2Ftopic%2FEVP01080-1-1.jpg?ixlib=js-2.3.2&auto=format%2Ccompress&fit=max&ch=Width%2CDPR&s=60e51aa732785b86672d1d686a7d416a
井戸美枝,2,,ファイナンシャルプランナー（CFP）/社会保険労務士,https://www.nikkei.com/topics/topic_expert_EVP01090,ファイナンシャルプランナー（CFP）、社会保険労務士。講演や執筆、テレビ、ラジオ出演などを通じ、生活に身近な経済問題をはじめ、年金・社会保障問題を専門にし、解説している。国民年金基金連合会理事（非常勤）近著に「一般論はもういいので、私の老後のお金『答え』をください! 」（日経BP）などがある。【注目するニュース分野】年金・社会保障・家計,https://article-image-ix.nikkei.com/https%3A%2F%2Fimgix-proxy.n8s.jp%2Ftopic%2FEVP01090-1-1.jpg?ixlib=js-2.3.2&auto=format%2Ccompress&fit=max&ch=Width%2CDPR&s=93ed743475d8ca6debdf84e0f0b0d84a
伊藤さゆり,2,,ニッセイ基礎研究所　経済研究部　研究理事,https://www.nikkei.com/topics/topic_expert_EVP01048,早稲田大学政治経済学部卒業後、日本興業銀行(現・みずほ銀行)を経て、ニッセイ基礎研究所入社、2019年7月から現職。修士（商学・早稲田大学）。早稲田大学商学学術院非常勤講師兼務。日本ＥＵ学会理事。主な著書に著書に『沈まぬユーロ』（共著、文眞堂）、『EU分裂と世界経済危機　イギリス離脱は何をもたらすか』（NHK出版新書）、『EUは危機を超えられるか　統合と分裂の相克』（共著、NTT出版）など【注目するニュース分野】欧州経済、国際経済・金融,https://article-image-ix.nikkei.com/https%3A%2F%2Fimgix-proxy.n8s.jp%2Ftopic%2FEVP01048-1-1.png?ixlib=js-2.3.2&auto=format%2Ccompress&fit=max&ch=Width%2CDPR&s=821c3ac30b8f7eb312ad590c24536a67
今村卓,1,,丸紅　執行役員　経済研究所長,https://www.nikkei.com/topics/topic_expert_EVP01049,丸紅経済研究所チーフエコノミストなどを経て、08年から17年まで丸紅米国会社ワシントン事務所長。19年から現職。専門は米国政治・経済。ワシントン・ウォッチャーと丸紅の米国の政府渉外活動の二つの活動を長く続けて培った独自の米国観で分析する。商社シンクタンクを率いて国際経済・金融も分析。【注目するニュース分野】米国政治・経済、国際経済・金融,https://article-image-ix.nikkei.com/https%3A%2F%2Fimgix-proxy.n8s.jp%2Ftopic%2FEVP01049-1-1.png?ixlib=js-2.3.2&auto=format%2Ccompress&fit=max&ch=Width%2CDPR&s=f7d2f5e7e6625972c8c9f81ea0e1ab66
岩間陽子,2,,政策研究大学院大学 政策研究科　教授,https://www.nikkei.com/topics/topic_expert_EVP01050,京都大学法学部卒業、同大学大学院博士後期課程修了。ドイツ留学時、ベルリンの壁の崩壊と東西冷戦終結を体験。博士（法学）。在ドイツ日本国大使館専門調査員、政策研究大学院大学助教授などを経て、2009年から現職。専門は国際政治、欧州安全保障。著書に『ドイツ再軍備』（中公叢書、1993年）など。【注目するニュース分野】国際政治、ドイツ政治外交史、安全保障,https://article-image-ix.nikkei.com/https%3A%2F%2Fimgix-proxy.n8s.jp%2Ftopic%2FEVP01050-1-1.png?ixlib=js-2.3.2&auto=format%2Ccompress&fit=max&ch=Width%2CDPR&s=a48f8fa489a724c1b96845d7a88bf870
上杉素直,1,,本社コメンテーター・論説委員,https://www.nikkei.com/topics/topic_expert_EVP01005,中小・ベンチャー企業、製薬会社や電機業界を担当後、東京経済部で金融ビジネスや金融政策、税制・財政をはじめとする経済政策、社会保障の現場を取材。2010年からのロンドン駐在では欧州債務危機に揺れる政治や行政、人々の暮らしをのぞいた。近著に『金融庁２．０』（日本経済新聞出版社）【注目するニュース分野】マクロ経済,https://article-image-ix.nikkei.com/https%3A%2F%2Fimgix-proxy.n8s.jp%2Ftopic%2FEVP01005-1-1.png?ixlib=js-2.3.2&auto=format%2Ccompress&fit=max&ch=Width%2CDPR&s=fcd1d93a5af59fc6c3b90f43b40cfe6d
蛯原健,1,,リブライトパートナーズ　代表パートナー,https://www.nikkei.com/topics/topic_expert_EVP01075,アジア地域に特化した独立系ベンチャーキャピタル、リブライト パートナーズを2008年に創業、 シンガポールとインド・バンガロールおよび東京の3拠点体制で運営。 日本証券アナリスト協会 認定アナリスト（CMA）【注目するニュース分野】テクノロジー、スタートアップ、グローバル,https://article-image-ix.nikkei.com/https%3A%2F%2Fimgix-proxy.n8s.jp%2Ftopic%2FEVP01075-1-1.jpg?ixlib=js-2.3.2&auto=format%2Ccompress&fit=max&ch=Width%2CDPR&s=cb2c61820fb7f546ae5966486f7887e4
大岩佐和子,2,TRUE,日本経済新聞社　編集委員,https://www.nikkei.com/topics/topic_expert_EVP01006,流通経済部で専門店や飲食店、コンビニ、消費財メーカーを担当。日経MJのデスク時代にネットビジネスやサービス業界など担当の幅を広げた。また地方自治体の担当も長く、住民自治やコミュニティーの取材経験も重ねてきた。18年4月に論説委員兼編集委員となり、記事を書くだけでなく講演など活躍の場を広げている。【注目するニュース分野】 消費・流通,https://article-image-ix.nikkei.com/https%3A%2F%2Fimgix-proxy.n8s.jp%2Ftopic%2FEVP01006-1-1.png?ixlib=js-2.3.2&auto=format%2Ccompress&fit=max&ch=Width%2CDPR&s=727c562bff0251a80e5616cf6cc385dd
大槻奈那,2,,マネックス証券　専門役員チーフアナリスト,https://www.nikkei.com/topics/topic_expert_EVP01007,スタンダード&プアーズ、UBS、メリルリンチなどの金融機関でリサーチ業務に従事、各種メディアのアナリスト・ランキングで高評価を得てきた。2016年1月より現職。国内外の金融市場や海外の株式市場等を分析する。名古屋商科大学大学院教授なども兼務。【注目するニュース分野】株式、金融,https://article-image-ix.nikkei.com/https%3A%2F%2Fimgix-proxy.n8s.jp%2Ftopic%2FEVP01007-1-2.jpg?ixlib=js-2.3.2&auto=format%2Ccompress&fit=max&ch=Width%2CDPR&s=051a4b829f52c9b399d46ea19e03f3f2
大湾秀雄,1,,早稲田大学　教授,https://www.nikkei.com/topics/topic_expert_EVP01051,ニッポンの働き方を人事データから読み解く労働経済学者。1999年スタンフォード大学経営大学院博士、東京大学社会科学研究所教授などを経て2018年から早稲田大学政治経済学術院教授。経済産業研究所ファカルティフェローも務め、人事と生産性の関係などを研究。著書に『日本の人事を科学する―因果推論に基づくデータ活用』など。【注目するニュース分野】働き方、人事、組織,https://article-image-ix.nikkei.com/https%3A%2F%2Fimgix-proxy.n8s.jp%2Ftopic%2FEVP01051-1-1.png?ixlib=js-2.3.2&auto=format%2Ccompress&fit=max&ch=Width%2CDPR&s=b39535a5f16b68da877a7d5a3578488f
小黒一正,1,,法政大学経済学部　教授,https://www.nikkei.com/topics/topic_expert_EVP01052,日本経済や財政問題といった骨太テーマに挑む論客。一橋大博士（経済学）。1997年大蔵省（現財務省）入省後、財務総合政策研究所、一橋大准教授などを経て2015年から現職。『日本経済の再構築』（単著、日本経済新聞出版社）『財政破綻後　危機のシナリオ分析』（共著、日本経済新聞出版社）など著書多数。【注目するニュース分野】マクロ経済、財政・社会保障,https://article-image-ix.nikkei.com/https%3A%2F%2Fimgix-proxy.n8s.jp%2Ftopic%2FEVP01052-1-1.png?ixlib=js-2.3.2&auto=format%2Ccompress&fit=max&ch=Width%2CDPR&s=e4625c1aa72753cbc72251721204b5e7
風早隆弘,1,,クレディ・スイス証券　株式調査部　株式調査共同統括部長,https://www.nikkei.com/topics/topic_expert_EVP01081,15年以上にわたり小売りセクターの調査・分析に従事。2000年に伊勢丹（現三越伊勢丹）に入社、その後、野村証券にてアナリストとして小売りセクターのカバレッジを開始。09年9月よりドイツ証券にて小売りセクターシニアアナリストを務めた後、19年10月よりクレディ・スイス証券株式調査共同統括部長兼マネージングディレクター【注目するニュース分野】消費、小売り、Eコマース,https://article-image-ix.nikkei.com/https%3A%2F%2Fimgix-proxy.n8s.jp%2Ftopic%2FEVP01081-1-1.jpg?ixlib=js-2.3.2&auto=format%2Ccompress&fit=max&ch=Width%2CDPR&s=fd354084c660ea82cbb115ad96df4751
梶原誠,1,TRUE,日本経済新聞社　本社コメンテーター,https://www.nikkei.com/topics/topic_expert_EVP01009,東京、ニューヨーク、ソウル、香港を拠点に市場を通して世界を見てきた。アジア通貨危機、日本の金融危機、リーマン危機も取材。編集委員、論説委員、英文コラムニストを経て2017年より現職。市場に映るもの全てを追う。【注目するニュース分野】市場、企業、世界,https://article-image-ix.nikkei.com/https%3A%2F%2Fimgix-proxy.n8s.jp%2Ftopic%2FEVP01009-1-1.png?ixlib=js-2.3.2&auto=format%2Ccompress&fit=max&ch=Width%2CDPR&s=29961131d8c386fdd124b28ff3b39aa5
北川和徳,1,TRUE,日本経済新聞社　編集委員,https://www.nikkei.com/topics/topic_expert_EVP01070,記者生活の大半、運動部で五輪とスポーツを担当。個々の五輪競技とアスリートだけでなく、日本オリンピック委員会（JOC）や日本スポーツ協会（JSPO）、スポーツ庁なども取材しています。東京五輪・パラリンピック、さらにそれ以降に向けて変革が求められている日本のスポーツのあるべき姿を伝え、この国のスポーツの価値向上に貢献したいです。【注目するニュース分野】五輪、スポーツ行政、スポーツの産業化、スポーツ全般,https://article-image-ix.nikkei.com/https%3A%2F%2Fimgix-proxy.n8s.jp%2Ftopic%2FEVP01070-1-1.png?ixlib=js-2.3.2&auto=format%2Ccompress&fit=max&ch=Width%2CDPR&s=b2f4c94ca6746513463981cc66639a1f
木村恭子,2,TRUE,日本経済新聞社　編集委員,https://www.nikkei.com/topics/topic_expert_EVP01010,読売新聞社、米通信社記者などを経て2007年から日本経済新聞社英文編集部デスク、14年より現職。国内外の政治経済、教育分野をカバー。ＢＳテレビ東京「日経プラス10」、日経CNBC「夜エクスプレス」に出演中。共著に『経済、これだけ知っていれば生きてゆけます。』（日本経済新聞出版社）など。【注目するニュース分野】働き方・雇用,https://article-image-ix.nikkei.com/https%3A%2F%2Fimgix-proxy.n8s.jp%2Ftopic%2FEVP01010-1-1.png?ixlib=js-2.3.2&auto=format%2Ccompress&fit=max&ch=Width%2CDPR&s=09593ca7b8317deb0ac4de8707fa0fd2
楠木建,1,,一橋大学　教授,https://www.nikkei.com/topics/topic_expert_EVP01082,1992年一橋大学大学院商学研究科博士課程修了。同大商学部助教授、同大学院国際企業戦略研究科准教授などを経て、2010年一橋ビジネススクール国際企業戦略専攻教授。専攻は競争戦略論。主な著書に「ストーリーとしての競争戦略：優れた戦略の条件」「逆・タイムマシン経営論」などがある。「新聞・雑誌は寝かせて読め」が持論。【注目するニュース分野】経営戦略,https://article-image-ix.nikkei.com/https%3A%2F%2Fimgix-proxy.n8s.jp%2Ftopic%2FEVP01082-1-1.jpg?ixlib=js-2.3.2&auto=format%2Ccompress&fit=max&ch=Width%2CDPR&s=6646f36a3d6cd1e48420c1fc2556b652
楠正憲,1,,Japan Digital Design Chief Technology Officer,https://www.nikkei.com/topics/topic_expert_EVP01084,マイクロソフト、ヤフーなどを経て2017年からJapan Digital Design CTO。2011年から内閣官房 番号制度推進管理補佐官、2012年から政府CIO補佐官として、マイナンバー制度を支える情報システム基盤や、ワクチン接種記録システムなどの構築に携わる。日本暗号資産取引業協会理事、東京都 デジタルサービスフェロー、認定NPO法人フローレンス 理事、FinTech協会アドバイザーなども務める。【注目するニュース分野】テクノロジー、経済・金融、社会,https://article-image-ix.nikkei.com/https%3A%2F%2Fimgix-proxy.n8s.jp%2Ftopic%2FEVP01084-1-1.jpg?ixlib=js-2.3.2&auto=format%2Ccompress&fit=max&ch=Width%2CDPR&s=dd043eb3d7ef400129679467e942a700
黒田忠広,1,,東京大学大学院工学系研究科　教授,https://www.nikkei.com/topics/topic_expert_EVP01076,1982年から18年間、東芝で半導体集積回路を研究開発。2000年から20年間、慶應義塾大学とカリフォルニア大学バークレイ校で教壇に立った。現在は、東京大学システムデザイン研究センターd.labセンター長、先端システム技術研究組合RaaS理事長、国際会議VLSIシンポジウム委員長を務める。IEEEと電子情報通信学会のフェロー、慶應義塾大学名誉教授。【注目するニュース分野】半導体、テクノロジー、教育,https://article-image-ix.nikkei.com/https%3A%2F%2Fimgix-proxy.n8s.jp%2Ftopic%2FEVP01076-1-1.jpg?ixlib=js-2.3.2&auto=format%2Ccompress&fit=max&ch=Width%2CDPR&s=3d2b59831d4ce7d65b33d1edd9c6fb1b
小泉文明,1,,メルカリ会長/鹿島アントラーズ・エフ・シー代表取締役,https://www.nikkei.com/topics/topic_expert_EVP01092,大学卒業後、大和証券SMBCにてネット企業のIPOを担当。2006年よりミクシィにジョインし、取締役執行役員CFOとしてコーポレート部門全体を統轄。12年退任後はいくつかのスタートアップを支援し、13年12月メルカリに参画。14年3月取締役就任、17年4月取締役社長兼COO、19年9月取締役President （会長）就任。19年8月より鹿島アントラーズ・エフ・シー代表取締役社長兼任。【注目するニュース分野】テクノロジー、スタートアップ、スポーツ、DX,https://article-image-ix.nikkei.com/https%3A%2F%2Fimgix-proxy.n8s.jp%2Ftopic%2FEVP01092-1-1.jpg?ixlib=js-2.3.2&auto=format%2Ccompress&fit=max&ch=Width%2CDPR&s=206a03e564b973d571b4d8d9cded461d
越野結花,2,,国際問題戦略研究所(IISS) リサーチ・フェロー,https://www.nikkei.com/topics/topic_expert_EVP01011,慶應大学法学部政治学科卒、ジョージタウン大学外交政策学院で修士号を取得。米国ワシントンDCを拠点とする防衛・宇宙分野のコンサルティング会社、米戦略国際問題研究所(CSIS）日本部を経て、2020年1月から現職。ジャパン・チェア・プログラムの立ち上げや日本の防衛・安全保障政策の分析・発信を行う。【注目するニュース分野】国際政治、安全保障,https://article-image-ix.nikkei.com/https%3A%2F%2Fimgix-proxy.n8s.jp%2Ftopic%2FEVP01011-1-1.jpg?ixlib=js-2.3.2&auto=format%2Ccompress&fit=max&ch=Width%2CDPR&s=b093e081ac52fe7fba211b0186751974
小島武仁,1,,東京大学 大学院経済学研究科教授・マーケットデザインセンター所長,https://www.nikkei.com/topics/topic_expert_EVP01012,経済学者。2003年東京大学卒業（経済学部総代）、2008年ハーバード大学経済学部博士。イェール大学、スタンフォード大学などを経て2020年より現職。専門分野は人と人や人とモノ・サービスを適材適所に引き合わせる方法を考える「マッチング理論」と、それを応用して社会制度の設計や実装につなげる「マーケットデザイン」。【注目するニュース分野】ミクロ経済学、ゲーム理論、マーケットデザイン,https://article-image-ix.nikkei.com/https%3A%2F%2Fimgix-proxy.n8s.jp%2Ftopic%2FEVP01012-1-1.jpg?ixlib=js-2.3.2&auto=format%2Ccompress&fit=max&ch=Width%2CDPR&s=1b6c9cbbfee44e621095895dd80cf49b
小平龍四郎,1,,論説委員・編集委員,https://www.nikkei.com/topics/topic_expert_EVP01013,日本と海外の金融機関やマーケットを30年取材。現場の記者時代には「山一証券自主廃業」「村上ファンド登場」などの特報に関わる。ロンドン特派員、論説委員、アジア編集総局編集委員などを経て、現職。日経本紙コラム「一目均衡」を10年以上執筆。著書「グローバル・コーポレート・ガバナンス」「アジア資本主義」。いずれも日本経済新聞出版。【注目するニュース分野】金融・投資,https://article-image-ix.nikkei.com/https%3A%2F%2Fimgix-proxy.n8s.jp%2Ftopic%2FEVP01013-1-1.png?ixlib=js-2.3.2&auto=format%2Ccompress&fit=max&ch=Width%2CDPR&s=dc723d81f82018d9c82dce8947ce74ef
小山堅,1,,日本エネルギー経済研究所　専務理事 首席研究員,https://www.nikkei.com/topics/topic_expert_EVP01053,「脱炭素」や「エネルギー安全保障」、米・中・露・中東などのエネルギー問題など、国際エネルギー情勢の今を切り取る第一人者。1986年早稲田大修士修了、日本エネルギー経済研究所入所。2001年英ダンディ大博士。政府のエネルギー関連審議会委員に加え、国連のアドバイザーなども歴任。13年から東京大公共政策大学院客員教授。【注目するニュース分野】エネルギー・環境政策、地政学、安全保障,https://article-image-ix.nikkei.com/https%3A%2F%2Fimgix-proxy.n8s.jp%2Ftopic%2FEVP01053-1-1.png?ixlib=js-2.3.2&auto=format%2Ccompress&fit=max&ch=Width%2CDPR&s=fae4fdcffc20334736caa9f6782fe365
坂田亮太郎,1,,日経BP　「日経バイオテク」編集長,https://www.nikkei.com/topics/topic_expert_EVP01087,大学院時代、免疫細胞の分化プロセスを研究。日経BP入社後は日経バイオテクに配属となり、製薬・食品・化学業界を取材。その後、日経ビジネス記者、北京支局長、上海支局長などを経て2019年4月より現職。バイオテクノロジーの産業動向に加え、若手研究者のアカデミアの構造要因についても関心を持つ。「日経バイオテク」編集部　公式アカウントでも発信中Twitter：https://twitter.com/nikkeibiotech【注目するニュース分野】製薬、食品、化学、大学,https://article-image-ix.nikkei.com/https%3A%2F%2Fimgix-proxy.n8s.jp%2Ftopic%2FEVP01087-1-1.jpg?ixlib=js-2.3.2&auto=format%2Ccompress&fit=max&ch=Width%2CDPR&s=d8a1f1c31a10fe081b992e6e21b51491
志田富雄,1,TRUE,日本経済新聞社　編集委員,https://www.nikkei.com/topics/topic_expert_EVP01014,1985～87年の欧州（ロンドン）勤務時に初めて国際商品市場を取材。原油の相場低迷や「すず危機」などを目の当たりにして商品市場の奥深さを知る。英文記者を経て1991年から商品部へ。記者時代は石油のほか、コメなどの食品、鉄鋼を担当。2003年から編集委員、2009年から19年まで論説委員を兼務。【注目するニュース分野】マクロ経済,https://article-image-ix.nikkei.com/https%3A%2F%2Fimgix-proxy.n8s.jp%2Ftopic%2FEVP01014-1-1.png?ixlib=js-2.3.2&auto=format%2Ccompress&fit=max&ch=Width%2CDPR&s=e80477476832c1caf93c2dd184fa0d84
慎泰俊,1,,五常・アンド・カンパニー株式会社　代表取締役,https://www.nikkei.com/topics/topic_expert_EVP01015,モルガンスタンレー・キャピタル、ユニゾン・キャピタルを経て、2014年にすべての人に金融アクセスを届けることをミッションとして五常・アンド・カンパニーを共同創業。途上国で事業向け少額金融サービス(マイクロファイナンス)を展開。2007年にLiving in Peaceを設立し、日本初の「マイクロファイナンス・ファンド」を企画 。【注目するニュース分野】金融、経営、社会貢献,https://article-image-ix.nikkei.com/https%3A%2F%2Fimgix-proxy.n8s.jp%2Ftopic%2FEVP01015-1-1.jpg?ixlib=js-2.3.2&auto=format%2Ccompress&fit=max&ch=Width%2CDPR&s=dd91e28a04de89b8bfaab18dd0f2b0b1
杉本貴司,1,,編集委員・論説委員,https://www.nikkei.com/topics/topic_expert_EVP01072,一貫して産業分野を取材。2011～15年にニューヨーク駐在。2020年4月より編集委員。著書に「ネット興亡記　敗れざる者たち」「孫正義300年王国への野望」「ホンダジェット誕生物語」。【注目するニュース分野】テクノロジー全般、スタートアップ、自動車、ものづくり,https://article-image-ix.nikkei.com/https%3A%2F%2Fimgix-proxy.n8s.jp%2Ftopic%2FEVP01072-1-1.png?ixlib=js-2.3.2&auto=format%2Ccompress&fit=max&ch=Width%2CDPR&s=14460e391f014fa7df00917df23832b5
菅野幹雄,1,TRUE,日本経済新聞社　ワシントン支局長・本社コメンテーター,https://www.nikkei.com/topics/topic_expert_EVP01016,マクロ経済が専門分野で、ベルリンとロンドンに合計7年駐在。ユーロ危機やEU動乱を報じた。2018年春からはワシントンで「トランプの米国」が揺さぶる世界秩序の変貌、米大統領選後の米国の変化を追う。著書に『英EU離脱の衝撃』。【注目するニュース分野】グローバル,https://article-image-ix.nikkei.com/https%3A%2F%2Fimgix-proxy.n8s.jp%2Ftopic%2FEVP01016-1-1.png?ixlib=js-2.3.2&auto=format%2Ccompress&fit=max&ch=Width%2CDPR&s=622092b622fecbbbe712ea8e8d094fda
鈴木一人,1,,東京大学　公共政策大学院 教授,https://www.nikkei.com/topics/topic_expert_EVP01017,2000年、英国サセックス大学ヨーロッパ研究所博士課程修了。筑波大学専任講師・准教授、北海道大学教授を経て、2020年から現職。2013−15年に国連安保理イラン制裁専門家パネル委員。内閣府宇宙政策委員会宇宙安全保障部会委員、日本安全保障貿易学会会長、国際宇宙アカデミー正会員。主著に『宇宙開発と国際政治』（岩波書店）など。【注目するニュース分野】国際政治、科学技術政策、宇宙政策,https://article-image-ix.nikkei.com/https%3A%2F%2Fimgix-proxy.n8s.jp%2Ftopic%2FEVP01017-1-1.jpg?ixlib=js-2.3.2&auto=format%2Ccompress&fit=max&ch=Width%2CDPR&s=36bc40e82de512b11e779307e507a78e
鈴木亘,1,,学習院大学経済学部　教授,https://www.nikkei.com/topics/topic_expert_EVP01054,年金、医療など社会保障全般を精緻に分析・提言。1994年上智大卒、大阪大博士。日銀、日経センターなどを経て2009年から現職。内閣府規制改革会議や国家戦略特区ＷＧ委員、大阪市や東京都の特別顧問なども歴任。共著『生活保護の経済分析』『健康政策の経済分析』が日経・経済図書文化賞を受賞。近著に『社会保障と財政の危機』。【注目するニュース分野】社会保障、社会福祉、財政,https://article-image-ix.nikkei.com/https%3A%2F%2Fimgix-proxy.n8s.jp%2Ftopic%2FEVP01054-1-1.png?ixlib=js-2.3.2&auto=format%2Ccompress&fit=max&ch=Width%2CDPR&s=6263fe86d5269b970713b76e6731c836
高井宏章,1,TRUE,日本経済新聞社　編集委員,https://www.nikkei.com/topics/topic_expert_EVP01018,マーケット、金融・資産運用、国際ニュースなどを専門分野とし、経済記者・デスクとして20年超の経験がある。2016~18年にロンドン駐在。YouTubeで「マネーの世界 教えて高井さん」を担当。【注目するニュース分野】金融・投資,https://article-image-ix.nikkei.com/https%3A%2F%2Fimgix-proxy.n8s.jp%2Ftopic%2FEVP01018-1-1.png?ixlib=js-2.3.2&auto=format%2Ccompress&fit=max&ch=Width%2CDPR&s=817463f26d4ddc1c0520611882ce1aea
高岡浩三,1,,ケイアンドカンパニー　代表取締役,https://www.nikkei.com/topics/topic_expert_EVP01055,神戸大学経営学部卒業後、ネスレ日本に入社。各種ブランドマネジャー等を経て、「キットカット受験応援キャンペーン」などを手がける。ネスレ日本副社長時代には、新しい「ネスカフェ」ビジネスモデルを構築。2010年11月から2020年3月までネスレ日本社長兼CEO。スシローやサイバーエージェントで社外取締役を務める。【注目するニュース分野】マーケティング、ブランディング,https://article-image-ix.nikkei.com/https%3A%2F%2Fimgix-proxy.n8s.jp%2Ftopic%2FEVP01055-1-1.png?ixlib=js-2.3.2&auto=format%2Ccompress&fit=max&ch=Width%2CDPR&s=e411db1d0335bc545f94b7e12e20138d
高田明,1,,ジャパネットたかた　創業者,https://www.nikkei.com/topics/topic_expert_EVP01019,大学卒業後、阪村機械製作所に入社し通訳として海外駐在を経験。1974年、故郷に戻り、父親が経営するカメラ店で働く。86年に独立し、「たかた」（現ジャパネットたかた）を設立。売上高1700億円を超える企業に育て上げる。2015年に社長を退任後、サッカーJ2のクラブチーム、V・ファーレン長崎の社長を約3年務め、J1リーグ昇格に導く。【注目するニュース分野】経営、小売業、スポーツビジネス,https://article-image-ix.nikkei.com/https%3A%2F%2Fimgix-proxy.n8s.jp%2Ftopic%2FEVP01019-1-1.jpg?ixlib=js-2.3.2&auto=format%2Ccompress&fit=max&ch=Width%2CDPR&s=10c7e56bd954cd0ba3191035a506d9c2
高橋祥子,2,,ジーンクエスト　代表取締役,https://www.nikkei.com/topics/topic_expert_EVP01056,大阪府出身。京都大学農学部卒業。2013年6月、東京大学大学院農学生命科学研究科博士課程在籍中にジーンクエストを起業。2015年3月に博士課程修了。個人向けに疾患リスクや体質などに関する遺伝子情報を伝えるゲノム解析サービスを行う。2018年4月、ユーグレナの執行役員に就任。【注目するニュース分野】バイオテクノロジー、ゲノム解析,https://article-image-ix.nikkei.com/https%3A%2F%2Fimgix-proxy.n8s.jp%2Ftopic%2FEVP01056-1-1.png?ixlib=js-2.3.2&auto=format%2Ccompress&fit=max&ch=Width%2CDPR&s=c6033d6a03f3e57c41f0fd1c611a826d
高村ゆかり,2,,東京大学未来ビジョン研究センター　教授,https://www.nikkei.com/topics/topic_expert_EVP01057,グローバルな観点から環境・エネルギーを論じる「脱炭素」時代のオピニオン・リーダー。専門は国際法学・環境法学。名古屋大学大学院教授などを経て2018年から東京大学教授、19年から現職。経済産業省、環境省など国の審議会委員やアジア開発銀行気候変動と持続可能な発展に関する諮問グループ委員も務める。【注目するニュース分野】環境、エネルギー、国際関係,https://article-image-ix.nikkei.com/https%3A%2F%2Fimgix-proxy.n8s.jp%2Ftopic%2FEVP01057-1-1.png?ixlib=js-2.3.2&auto=format%2Ccompress&fit=max&ch=Width%2CDPR&s=1e75b2d9ca5167de654eb4bda85bda33
滝田洋一,1,TRUE,日本経済新聞社　編集委員,https://www.nikkei.com/topics/topic_expert_EVP01020,金融部、チューリヒ支局、経済部編集委員、米州総局編集委員などを経て現職。テレビ東京「ワールドビジネスサテライト」キャスターも務める。世界金融危機の報道で2008年度ボーン・上田記念国際記者賞受賞。複雑な世界経済をわかりやすく解説、分析。著書に『世界経済 チキンゲームの罠』（日本経済新聞出版社）など。【注目するニュース分野】マクロ経済,https://article-image-ix.nikkei.com/https%3A%2F%2Fimgix-proxy.n8s.jp%2Ftopic%2FEVP01020-1-1.png?ixlib=js-2.3.2&auto=format%2Ccompress&fit=max&ch=Width%2CDPR&s=88d12fb6a0ccca5da12bf99dab244ba1
詫摩佳代,2,,東京都立大学　法学部教授,https://www.nikkei.com/topics/topic_expert_EVP01021,1981年生まれ。東京大学大学院総合文化研究科国際関係論博士課程単位取得退学、博士（学術）。グローバル・ヘルス・ガバナンスのスペシャリスト。近著に『人類と病-国際政治から見る感染症と健康格差』（中央公論新社）。新型コロナ対策をはじめ、いま最も注目されるテーマを読み解く。【注目するニュース分野】国際関係論、グローバル・ヘルス・ガバナンス,https://article-image-ix.nikkei.com/https%3A%2F%2Fimgix-proxy.n8s.jp%2Ftopic%2FEVP01021-1-1.jpg?ixlib=js-2.3.2&auto=format%2Ccompress&fit=max&ch=Width%2CDPR&s=42de69b6a58568901695e5b7c3c12878
竹内薫,1,,サイエンスライター,https://www.nikkei.com/topics/topic_expert_EVP01058,量子理論をはじめ科学の最先端を解きほぐすナビゲーター。東京大学教養学部教養学科、同理学部物理学科卒業。カナダ・マギル大博士（高エネルギー物理学専攻）。主な著書に『ペンローズのねじれた四次元』『９９．９％は仮説』。子供の生きる力を伸ばす「ＹＥＳ　Ｉｎｔｅｒｎａｔｉｏｎａｌ　Ｓｃｈｏｏｌ」の校長も務める。【注目するニュース分野】科学技術、教育,https://article-image-ix.nikkei.com/https%3A%2F%2Fimgix-proxy.n8s.jp%2Ftopic%2FEVP01058-1-1.png?ixlib=js-2.3.2&auto=format%2Ccompress&fit=max&ch=Width%2CDPR&s=223c89558160d473a70bd6086f578262
竹内純子,2,,国際環境経済研究所　理事・主席研究員,https://www.nikkei.com/topics/topic_expert_EVP01022,1994年東京電力入社、主に環境部門を経験。2012年独立。環境・エネルギー政策の研究を続ける傍ら、エネルギー転換の原動力となるスタートアップを支援するため、2018年U3イノベーションズLLP創設。政府委員も多数務め、著書に「エネルギー産業の2050年　Utility3.0へのゲームチェンジ」（日本経済新聞出版社）など。【注目するニュース分野】エネルギー、政策,https://article-image-ix.nikkei.com/https%3A%2F%2Fimgix-proxy.n8s.jp%2Ftopic%2FEVP01022-1-1.jpg?ixlib=js-2.3.2&auto=format%2Ccompress&fit=max&ch=Width%2CDPR&s=26324d832a72b193c05dda43b9c49976
竹川美奈子,2,,"ファイナンシャル・ジャーナリスト、LIFE MAP,LLC代表",https://www.nikkei.com/topics/topic_expert_EVP01059,出版社や新聞社勤務などを経て独立。2000年FP資格を取得。取材・執筆活動を行うほか、投資信託やiDeCo（個人型確定拠出年金）、マネープランセミナーなどの講師を務める。「コツコツ投資家がコツコツ集まる夕べ（東京）」幹事などを務め、投資の裾野を広げる活動に取り組んでいる。金融審議会「市場ワーキング・グループ」委員。【注目するニュース分野】資産形成・活用、パーソナルファイナンス,https://article-image-ix.nikkei.com/https%3A%2F%2Fimgix-proxy.n8s.jp%2Ftopic%2FEVP01059-1-1.png?ixlib=js-2.3.2&auto=format%2Ccompress&fit=max&ch=Width%2CDPR&s=ba51601d4a76dda03b8370302fa8a061
武田佳奈,2,,野村総合研究所未来創発センター　上級コンサルタント,https://www.nikkei.com/topics/topic_expert_EVP01060,2004年、慶應義塾大学大学院理工学研究科修了。同年野村総合研究所入社。官公庁の政策立案支援、民間企業の事業戦略立案支援などに従事し、2018年4月より現職。主に日本が抱える雇用・就労問題について調査研究および社会・政策提言を行う。著書に「フルキャリマネジメント－子育てしながら働く部下を持つマネジャーの心得」（東洋経済新報社）など。【注目するニュース分野】働き方、就労・キャリア支援、少子化克服,https://article-image-ix.nikkei.com/https%3A%2F%2Fimgix-proxy.n8s.jp%2Ftopic%2FEVP01060-1-1.png?ixlib=js-2.3.2&auto=format%2Ccompress&fit=max&ch=Width%2CDPR&s=7e333cd6ba14232734cb5c42b827da19
竹中治堅,1,,政策研究大学院大学　教授,https://www.nikkei.com/topics/topic_expert_EVP01061,日本政治、比較政治の研究、教育をしています。関心は首相の指導力、コロナ危機への対応過程、参議院の役割など。著作に『コロナ危機の政治：安倍政権vs.知事』『参議院とは何か　– 1947〜2010』（2010年度大佛次郎論談賞受賞）『首相支配 —日本政治の変貌』など。【略歴】東京大学法学部卒。スタンフォード大学政治学部博士課程修了。大蔵省、政策研究大学院大学助教授、准教授を経て現職。【注目するニュース分野】政治・外交,https://article-image-ix.nikkei.com/https%3A%2F%2Fimgix-proxy.n8s.jp%2Ftopic%2FEVP01061-1-1.png?ixlib=js-2.3.2&auto=format%2Ccompress&fit=max&ch=Width%2CDPR&s=50a4e1bedd574a4a946281a262f8b472
田中暁人,1,,編集委員・論説委員（シンガポール駐在）,https://www.nikkei.com/topics/topic_expert_EVP01023,ベンチャー市場部、産業部（現企業報道部）でスタートアップやベンチャーキャピタル、ITやコンテンツ業界を担当。米シリコンバレー支局ではテクノロジー業界を取材。帰国後は、企業報道部でエレクトロニクス業界や自動車業界の取材チームを統括。2019年4月より編集委員として、テクノロジー業界全般をカバーする。【注目するニュース分野】ミクロ経済・産業,https://article-image-ix.nikkei.com/https%3A%2F%2Fimgix-proxy.n8s.jp%2Ftopic%2FEVP01023-1-1.png?ixlib=js-2.3.2&auto=format%2Ccompress&fit=max&ch=Width%2CDPR&s=cac012fc904bc497f54b4bb023cd007b
田中良和,1,,グリー　代表取締役会長兼社長,https://www.nikkei.com/topics/topic_expert_EVP01095,1999年、日本大学法学部を卒業後、ソニーコミュニケーションネットワーク（現：ソニーネットワークコミュニケーションズ）を経て、2000年2月、楽天（現：楽天グループ）に入社。2004年2月に個人の趣味としてGREEを開発。同年10月、楽天を退社。同年12月、グリーを設立し、代表取締役に就任。2014年9月、代表取締役会長兼社長に就任。【注目するニュース分野】テクノロジー、ＩＴ、経営、スタートアップ,https://article-image-ix.nikkei.com/https%3A%2F%2Fimgix-proxy.n8s.jp%2Ftopic%2FEVP01095-1-1.jpg?ixlib=js-2.3.2&auto=format%2Ccompress&fit=max&ch=Width%2CDPR&s=aa76adfc18304643aea8695635cc03ad
為末大,1,,元陸上選手/Deportare Partners代表,https://www.nikkei.com/topics/topic_expert_EVP01062,スプリント種目の世界大会で日本人として初のメダルを獲得。オリンピックに３度出場。男子400メートルハードルの日本記録保持者（2021年3月現在）。現在は執筆活動、会社経営を行う。新豊洲Brilliaランニングスタジアム館長。日本プロサッカーリーグ（Jリーグ）理事。東京大学 未来社会協創推進本部　アドバイザリーボード委員。【注目するニュース分野】東京五輪、教育、哲学・心理学,https://article-image-ix.nikkei.com/https%3A%2F%2Fimgix-proxy.n8s.jp%2Ftopic%2FEVP01062-1-1.png?ixlib=js-2.3.2&auto=format%2Ccompress&fit=max&ch=Width%2CDPR&s=bbdaaf486ba47827e5a182f090ea4906
津川友介,1,,米カリフォルニア大学ロサンゼルス校（UCLA）　助教授・医師,https://www.nikkei.com/topics/topic_expert_EVP01085,東北大学医学部卒、ハーバード大学で博士号（PhD）を取得。聖路加国際病院、世界銀行、ハーバード大学勤務を経て、2017年から現職。日本医療政策機構理事。著書に『原因と結果の経済学』（ダイヤモンド社）、『世界一わかりやすい医療政策の教科書』（医学書院）など。ブログ　https://healthpolicyhealthecon.com/【注目するニュース分野】医療政策、医療経済学、ヘルスケアAI,https://article-image-ix.nikkei.com/https%3A%2F%2Fimgix-proxy.n8s.jp%2Ftopic%2FEVP01085-1-1.jpg?ixlib=js-2.3.2&auto=format%2Ccompress&fit=max&ch=Width%2CDPR&s=4630655b92102f3a983eb79989ed782a
中空麻奈,2,,BNPパリバ証券　グローバルマーケット統括本部 副会長,https://www.nikkei.com/topics/topic_expert_EVP01026,97年野村アセットマネジメントでクレジットアナリストとしてのキャリアをスタート。08年10月にBNPパリバ証券クレジット調査部長、11年9月投資調査本部長、19年1月市場調査本部長、20年2月からグローバルマーケット統括本部副会長兼チーフクレジットストラテジスト兼チーフESGストラテジスト。【注目するニュース分野】金融、投資,https://article-image-ix.nikkei.com/https%3A%2F%2Fimgix-proxy.n8s.jp%2Ftopic%2FEVP01026-1-1.jpg?ixlib=js-2.3.2&auto=format%2Ccompress&fit=max&ch=Width%2CDPR&s=543c7ba4613edbe1bb11815183a0f6cf
中竹竜二,1,,チームボックス代表取締役/元早稲田大学ラグビー部監督,https://www.nikkei.com/topics/topic_expert_EVP01086,三菱総合研究所を経て、早稲田大学ラグビー蹴球部監督に就任し、大学選手権二連覇。2012年よりU20日本代表ヘッドコーチを経て、2014年、企業のリーダー育成を行うチームボックス設立。2019年、日本ラグビーフットボール協会理事就任。 著書に『ウィニイングカルチャー 勝ちぐせのある人と組織のつくり方』（ダイヤモンド社）など多数。【注目するニュース分野】スポーツ、働き方、組織改革,https://article-image-ix.nikkei.com/https%3A%2F%2Fimgix-proxy.n8s.jp%2Ftopic%2FEVP01086-1-1.jpg?ixlib=js-2.3.2&auto=format%2Ccompress&fit=max&ch=Width%2CDPR&s=ae835bfdbe032e20014a883997907a13
中西孝樹,1,,ナカニシ自動車産業リサーチ　代表アナリスト,https://www.nikkei.com/topics/topic_expert_EVP01063,山一證券、メリルリンチ証券を経て、ＪＰモルガン証券、アライアンス・バーンスタインなどで一貫して自動車産業調査に従事。2013年に独立し、ナカニシ自動車産業リサーチを設立。日経ヴェリタス人気アナリストランキングの自動車・自動車部品部門で2004年から2009年まで6年連続1位。【注目するニュース分野】自動車,https://article-image-ix.nikkei.com/https%3A%2F%2Fimgix-proxy.n8s.jp%2Ftopic%2FEVP01063-1-1.png?ixlib=js-2.3.2&auto=format%2Ccompress&fit=max&ch=Width%2CDPR&s=e4e7b1b3463f2c04d3be79e740283ec8
永浜利広,1,,第一生命経済研究所　首席エコノミスト,https://www.nikkei.com/topics/topic_expert_EVP01027,あしぎん総合研究所客員研究員、跡見学園女子大学マネジメント学部非常勤講師を兼務。総務省消費統計研究会委員、景気循環学会理事。専門は経済統計、マクロ経済分析。著書に『ＭＭＴとケインズ経済学』（ビジネス教育出版社）のほか、『エコノミストが教える経済指標の本当の使い方』（平凡社ビジネス）など。【注目するニュース分野】マクロ経済,https://article-image-ix.nikkei.com/https%3A%2F%2Fimgix-proxy.n8s.jp%2Ftopic%2FEVP01027-1-1.jpg?ixlib=js-2.3.2&auto=format%2Ccompress&fit=max&ch=Width%2CDPR&s=78b7a5d8ed0c08bb3986382dc8108e67
中林美恵子,2,,早稲田大学　社会科学部教授,https://www.nikkei.com/topics/topic_expert_EVP01028,大阪大学博士（国際公共政策）。1992年米国ワシントン州立大学大学院を修了し約10年間、米国上院予算委員会に勤務し国家予算編成を担う。（独）経済産業研究所研究員、財務省財政制度審議会委員および大学教員を経て、2009～2012年衆議院議員。2013年から早稲田大学准教授、2017年から現職。米国マンスフィールド財団名誉フェロー。【注目するニュース分野】米国政治・国際公共政策,https://article-image-ix.nikkei.com/https%3A%2F%2Fimgix-proxy.n8s.jp%2Ftopic%2FEVP01028-1-1.jpg?ixlib=js-2.3.2&auto=format%2Ccompress&fit=max&ch=Width%2CDPR&s=35e960b6a96da34c91325c98dee04ba3
中満泉,2,,国際連合　事務次長・軍縮担当上級代表,https://www.nikkei.com/topics/topic_expert_EVP01029,早稲田大学、米国ジョージタウン大学大学院修了後、国連難民高等弁務官事務所（UNHCR）に入所。湾岸戦争やボスニア紛争の最前線で危機対応や人道支援に従事。国連平和維持活動（PKO）局で政策部長、アジア・中東部長、国連開発計画（UNDP）危機対応局長を歴任し、2017年より現職。2女の母。【注目するニュース分野】国際協力、国際安全保障・軍縮、人道支援、ダイバーシティ,https://article-image-ix.nikkei.com/https%3A%2F%2Fimgix-proxy.n8s.jp%2Ftopic%2FEVP01029-1-1.jpg?ixlib=js-2.3.2&auto=format%2Ccompress&fit=max&ch=Width%2CDPR&s=1ae7c37d47d688186421751f04c9e201
中村直文,1,TRUE,日本経済新聞社　編集委員・論説委員,https://www.nikkei.com/topics/topic_expert_EVP01030,長年にわたり小売業や消費財メーカーを担当。大手百貨店そごうの経営破綻、百貨店の統合、イオンやダイエーをはじめ大手スーパーの再編などの流通産業を取材してきた。 日経MJ編集長、編集委員を経て、19年4月から現職。マーケティングや消費をテーマに執筆活動を続ける。【注目するニュース分野】消費・流通,https://article-image-ix.nikkei.com/https%3A%2F%2Fimgix-proxy.n8s.jp%2Ftopic%2FEVP01030-1-1.png?ixlib=js-2.3.2&auto=format%2Ccompress&fit=max&ch=Width%2CDPR&s=24d865b0bdf5d8d041c58b253e8a4f45
中村奈都子,2,TRUE,日本経済新聞社　編集委員,https://www.nikkei.com/topics/topic_expert_EVP01071,東京、大阪、名古屋で流通企業や消費の現場を20年以上取材。2017年に創刊した「NIKKEI The STYLE」では初代編集長として富裕層消費にも深く入り込みました。また大学時代に「女性の労働」を研究、1998年には大型連載企画「女たちの静かな革命」の取材記者、2019年4月から女性面編集長として働く女性を取り巻く環境の変化を見続けています。【注目するニュース分野】キャリア、働き方、ダイバーシティー、女性活躍、消費、マーケティング,https://article-image-ix.nikkei.com/https%3A%2F%2Fimgix-proxy.n8s.jp%2Ftopic%2FEVP01071-1-1.png?ixlib=js-2.3.2&auto=format%2Ccompress&fit=max&ch=Width%2CDPR&s=89a1260d3977760c44662ccac14cd47f
中室牧子,2,,慶応義塾大学　総合政策学部教授,https://www.nikkei.com/topics/topic_expert_EVP01031,慶応義塾大学卒業、米コロンビア大博士。教育の効果を「エビデンス（証拠）」で示す研究の第一人者で、日銀で市場分析の経験も持つ。政府の産業構造審議会委員などを務め、規制改革に向けた提言も積極的に行う。経済学を武器に、政策の原因と結果を確かな証拠に基づいて問う。【注目するニュース分野】教育経済学、経済政策,https://article-image-ix.nikkei.com/https%3A%2F%2Fimgix-proxy.n8s.jp%2Ftopic%2FEVP01031-1-1.jpg?ixlib=js-2.3.2&auto=format%2Ccompress&fit=max&ch=Width%2CDPR&s=c3aabbdeb836e09eca15b4e6c04d2915
中山淳史,1,TRUE,日本経済新聞社　本社コメンテーター,https://www.nikkei.com/topics/topic_expert_EVP01067,自動車、電機など産業動向、経営トレンドに精通。編集委員、論説委員などを経て2017年2月よりコメンテーター。「GEと東芝」「移動の未来」などで講演多数。2001年の米同時テロをニューヨーク駐在時に取材。【注目するニュース分野】産業、企業経営,https://article-image-ix.nikkei.com/https%3A%2F%2Fimgix-proxy.n8s.jp%2Ftopic%2FEVP01067-1-1.png?ixlib=js-2.3.2&auto=format%2Ccompress&fit=max&ch=Width%2CDPR&s=ad1c7e940e9f86f67f0e5ca839d84028
野崎浩成,1,,東洋大学　国際学部教授,https://www.nikkei.com/topics/topic_expert_EVP01032,86年慶大経卒、91年米エール大院修了。あさひ銀行、シティグループ証券などを経て、18年から東洋大学国際学部グローバル・イノベーション学科教授。シティグループ証券時代に日経アナリストランキング（銀行部門）2005年~2015年1位。【注目するニュース分野】金融、銀行、証券,https://article-image-ix.nikkei.com/https%3A%2F%2Fimgix-proxy.n8s.jp%2Ftopic%2FEVP01032-1-1.jpg?ixlib=js-2.3.2&auto=format%2Ccompress&fit=max&ch=Width%2CDPR&s=af39324b7c2bd57d65bb9ab36d2544b9
花村遼,1,,アーサー・ディ・リトル・ジャパン　パートナー,https://www.nikkei.com/topics/topic_expert_EVP01079,東京大学工学部、同大学院工学系研究科卒。製薬・医療機器・消費財・化学素材・官公庁のクライアントに対して、経営戦略・事業戦略・研究開発・イノベーション戦略等のコンサルティング業務に従事。著書「新型コロナ収束への道」（日経BP）。経済産業省、AMED（国立研究開発法人日本医療研究開発機構）主催の再生医療・遺伝子治療関連の委員会に委員として複数参画。【注目するニュース分野】ヘルスケア、医薬品、医療機器、バイオテクノロジー,https://article-image-ix.nikkei.com/https%3A%2F%2Fimgix-proxy.n8s.jp%2Ftopic%2FEVP01079-1-1.jpg?ixlib=js-2.3.2&auto=format%2Ccompress&fit=max&ch=Width%2CDPR&s=cb7e4f4247aaf8842c02130dbc33cd2d
平井一夫,1,,ソニーグループ　シニアアドバイザー,https://www.nikkei.com/topics/topic_expert_EVP01033,1984年に音楽事業からキャリアをスタートし、ゲーム事業を経て、エレクトロニクスをはじめとしたソニーグループを統括。2012年4月ソニー株式会社 社長 兼 CEO、2018年4月より2019年6月まで会長を務める。2019年6月よりソニーグループ シニアアドバイザーに就任。【注目するニュース分野】経営、テクノロジー、エンターテインメント,https://article-image-ix.nikkei.com/https%3A%2F%2Fimgix-proxy.n8s.jp%2Ftopic%2FEVP01033-1-1.jpg?ixlib=js-2.3.2&auto=format%2Ccompress&fit=max&ch=Width%2CDPR&s=15bd94eea17fc22f15114e43c0f71c52
深尾三四郎,1,,伊藤忠総研　上席主任研究員,https://www.nikkei.com/topics/topic_expert_EVP01064,1981年生まれ。03年英ロンドン・スクール・オブ・エコノミクス（LSE）地理環境学部環境政策・経済学科卒。ヘッジファンドや国内外金融機関でのアナリストを経て、19年より現職。ブロックチェーンの国際コンソーシアム「MOBI」で理事も務める。近著に『モビリティ・エコノミクス～ブロックチェーンが拓く新たな経済圏』（日本経済新聞出版）。【注目するニュース分野】モビリティ、ブロックチェーン、脱炭素、SDGs,https://article-image-ix.nikkei.com/https%3A%2F%2Fimgix-proxy.n8s.jp%2Ftopic%2FEVP01064-1-1.png?ixlib=js-2.3.2&auto=format%2Ccompress&fit=max&ch=Width%2CDPR&s=db02440a25b05efa71efd555f2867f65
福井健策,1,,骨董通り法律事務所 代表パートナー/弁護士,https://www.nikkei.com/topics/topic_expert_EVP01034,東京大学法学部卒業後、1993年に弁護士登録。コロンビア大学法学修士課程修了。2003年、骨董通り法律事務所For the Artsを設立。日本大学芸術学部・神戸大学大学院客員教授。著作に『著作権とは何か』『誰が「知」を独占するのか』など多数。国会図書館審議会・文化審議会などの委員を務める。【注目するニュース分野】エンタテインメント・メディア、AI・ロボット法、著作権法,https://article-image-ix.nikkei.com/https%3A%2F%2Fimgix-proxy.n8s.jp%2Ftopic%2FEVP01034-1-1.jpg?ixlib=js-2.3.2&auto=format%2Ccompress&fit=max&ch=Width%2CDPR&s=d7e5e4cbc61a80b4f0095ab08d28d4fd
藤井保文,1,,ビービット　執行役員CCO 兼 東アジア営業責任者,https://www.nikkei.com/topics/topic_expert_EVP01065,1984年生まれ。東京大学大学院修了。上海・台北・東京を拠点に活動。国内外のUX思想を探究し、実践者として企業・政府へのアドバイザリーに取り組む。著作『アフターデジタル』シリーズは累計15万部を突破。AIやスマートシティ、メディアや文化の専門家とも意見を交わし、新しい人と社会の在り方を模索し続けている。2021年5月、UXの有識者が世界中から参加するオンラインフェス「L&UX2021（Liberty & UX Intelligence）」を開催。【注目するニュース分野】UX、DX、中国ビジネス、デジタルサービス、都市・社会デザイン、テクノロジー,https://article-image-ix.nikkei.com/https%3A%2F%2Fimgix-proxy.n8s.jp%2Ftopic%2FEVP01065-1-1.png?ixlib=js-2.3.2&auto=format%2Ccompress&fit=max&ch=Width%2CDPR&s=4c4aea41e798037b4104c7caa7fe7f23
藤野英人,1,,レオス・キャピタルワークス　会長兼社長・最高投資責任者,https://www.nikkei.com/topics/topic_expert_EVP01035,国内・外資大手投資運用会社でファンドマネージャーを歴任後、2003年レオス・キャピタルワークス創業。主に日本の成長企業に投資する株式投資信託「ひふみ投信」シリーズを運用。投資啓発活動にも注力する。【注目するニュース分野】投資、証券,https://article-image-ix.nikkei.com/https%3A%2F%2Fimgix-proxy.n8s.jp%2Ftopic%2FEVP01035-1-1.jpg?ixlib=js-2.3.2&auto=format%2Ccompress&fit=max&ch=Width%2CDPR&s=3b76f00dda767cc613198aa9b827c3d5
星野佳路,1,,星野リゾート 代表,https://www.nikkei.com/topics/topic_expert_EVP01036,慶應義塾大学経済学部を卒業後、米国コーネル大学ホテル経営大学院にて修士号を取得。米国でのホテル開発や金融機関勤務を経て、1991年に星野温泉旅館 (現在の星野リゾート)4代目社長に就任。所有と運営を一体とする日本の観光産業において、いち早く運営特化戦略をとるビジネスモデルへ転換をはたす。【注目するニュース分野】観光、経営,https://article-image-ix.nikkei.com/https%3A%2F%2Fimgix-proxy.n8s.jp%2Ftopic%2FEVP01036-1-1.jpg?ixlib=js-2.3.2&auto=format%2Ccompress&fit=max&ch=Width%2CDPR&s=8a0399b67982fa77bb1ab26467081a1b
細谷雄一,1,,慶應義塾大学法学部　教授,https://www.nikkei.com/topics/topic_expert_EVP01037,立教大学法学部卒業。英国バーミンガム大学大学院国際関係学修士号取得。慶應義塾大学大学院法学研究科政治学専攻博士課程修了。博士（法学）。北海道大学専任講師などを経て、現職。安倍晋三政権において、国家安全保障局顧問会議顧問（2014年-16年）などを歴任。2020年10月からアジア・パシフィック・イニシアティブ研究主幹も兼務。【注目するニュース分野】国際政治、イギリス外交,https://article-image-ix.nikkei.com/https%3A%2F%2Fimgix-proxy.n8s.jp%2Ftopic%2FEVP01037-1-1.jpg?ixlib=js-2.3.2&auto=format%2Ccompress&fit=max&ch=Width%2CDPR&s=cf1677d47e9d83b8eafbd56e9ce3330a
松尾博文,1,TRUE,日本経済新聞社　編集委員・論説委員,https://www.nikkei.com/topics/topic_expert_EVP01068,入社以来、エネルギーや機械・プラント、商社などの業界や、経済産業省、外務省を担当。その間、テヘラン、カイロ、ドバイの3支局に駐在し、湾岸戦争やイラク戦争など中東の動乱や、油田開発、プラント建設の現場を現地で取材した。地政学や地球環境問題などのグローバルなテーマと、私たちの暮らしに欠かせないエネルギーのつながりを意識した取材を続けている。【注目するニュース分野】エネルギー問題、インフラ輸出、中東・アフリカ情勢,https://article-image-ix.nikkei.com/https%3A%2F%2Fimgix-proxy.n8s.jp%2Ftopic%2FEVP01068-1-1.png?ixlib=js-2.3.2&auto=format%2Ccompress&fit=max&ch=Width%2CDPR&s=70df8ef30effb3e3fa06aa5e934506ed
松本裕子,2,TRUE,日本経済新聞社　ESGエディター,https://www.nikkei.com/topics/topic_expert_EVP01073,2008年の入社以来、主に株式や債券などのマーケットと資産運用分野を担当してきました。投資家の語るESGだけでなく、グローバルの政策動向や企業のサステナビリティの取り組みを含めて幅広く取材し、新しい視点を提示したいと思っています。【注目するニュース分野】ESG、SDGs、株式・金融市場、資産運用,https://article-image-ix.nikkei.com/https%3A%2F%2Fimgix-proxy.n8s.jp%2Ftopic%2FEVP01073-1-1.png?ixlib=js-2.3.2&auto=format%2Ccompress&fit=max&ch=Width%2CDPR&s=29be7937350afaf6a4aedefab6d26cc3
南川明,1,,インフォーマインテリジェンス　シニアコンサルティングディレクタ,https://www.nikkei.com/topics/topic_expert_EVP01077,1982年武蔵工業大学電気工学科卒。90年以降、世界の電子機器・半導体を中心にエレクトロニクス市場の分析・予測に従事。現在はInforma TechのリサーチブランドOmdiaに所属。調査・コンサルティングの傍ら、国内外で講演、TV出演なども行う。Omdia公式アカウントで活動を発信中:https://twitter.com/Omdia_Japan【注目するニュース分野】半導体、電子機器全般（車載、PC、スマホなど）,https://article-image-ix.nikkei.com/https%3A%2F%2Fimgix-proxy.n8s.jp%2Ftopic%2FEVP01077-1-1.jpg?ixlib=js-2.3.2&auto=format%2Ccompress&fit=max&ch=Width%2CDPR&s=7ccf91b3a507be6d6b98251913597972
峯岸博,1,TRUE,日本経済新聞社　編集委員・論説委員,https://www.nikkei.com/topics/topic_expert_EVP01038,韓国駐在6年半。北朝鮮に2回の日朝首脳会談を含め7回取材で訪問。入社以来、政治畑を歩む。著書に『日韓の断層』『韓国の憂鬱』。電子版コラム「朝鮮半島ファイル」、ニューズレター「韓国Watch」（NIKKEI Briefing）を連載中。国際・政治ニュースの舞台裏や底流を伝えたいと執筆を続けている。【注目するニュース分野】グローバル,https://article-image-ix.nikkei.com/https%3A%2F%2Fimgix-proxy.n8s.jp%2Ftopic%2FEVP01038-1-1.png?ixlib=js-2.3.2&auto=format%2Ccompress&fit=max&ch=Width%2CDPR&s=137a5698441726a7b73804e320d030e5
村上臣,1,,リンクトイン日本代表,https://www.nikkei.com/topics/topic_expert_EVP01039,2000年8月、ヤフー株式会社入社。2011年に一度退職した後、再び2012年4月からヤフーの執行役員兼CMOとして、モバイル事業の企画戦略を担当。2017年11月に6億9000万人が利用するビジネス特化型ネットワークのリンクトイン（LinkedIn）日本代表に就任。複数のスタートアップの戦略・技術顧問も務める。【注目するニュース分野】キャリア、テクノロジー,https://article-image-ix.nikkei.com/https%3A%2F%2Fimgix-proxy.n8s.jp%2Ftopic%2FEVP01039-1-1.jpg?ixlib=js-2.3.2&auto=format%2Ccompress&fit=max&ch=Width%2CDPR&s=268c5dc55a4cb13ae55e9d88d5643e6b
村山恵一,1,TRUE,日本経済新聞社　本社コメンテーター,https://www.nikkei.com/topics/topic_expert_EVP01040,担当分野はIT、スタートアップ。過去に情報通信・エレクトロニクス、自動車、医療、金融などの業界を担当。05～09年に米シリコンバレー支局勤務。12年編集委員。15年から論説委員を兼務。17年2月より現職。著書に『STARTUP（スタートアップ） 起業家のリアル』（日本経済新聞出版社）などがある。【注目するニュース分野】ミクロ経済・産業,https://article-image-ix.nikkei.com/https%3A%2F%2Fimgix-proxy.n8s.jp%2Ftopic%2FEVP01040-1-1.png?ixlib=js-2.3.2&auto=format%2Ccompress&fit=max&ch=Width%2CDPR&s=ff58f58c5b89d42c9bb336c468ae1b0b
室橋祐貴,1,,日本若者協議会　代表理事,https://www.nikkei.com/topics/topic_expert_EVP01083,1988年生まれ。慶大経卒。慶大政策・メディア研究科修士課程に在学中。2015年に日本若者協議会を設立。高校生から子育て世代まで若年層の意見を各政党に伝える活動を展開中。30代以下の声を雇用・社会保障から外交政策にまで反映させることを目指す。若者の立場から民主主義の刷新を掲げるオピニオン・リーダー。【注目するニュース分野】若年雇用・社会保障、政治、教育,https://article-image-ix.nikkei.com/https%3A%2F%2Fimgix-proxy.n8s.jp%2Ftopic%2FEVP01083-1-1.jpg?ixlib=js-2.3.2&auto=format%2Ccompress&fit=max&ch=Width%2CDPR&s=e8e0ce393bc9f93ba049e0a5f798d33b
安川新一郎,1,,グレートジャーニー合同会社　代表,https://www.nikkei.com/topics/topic_expert_EVP01094,マッキンゼー、ソフトバンク社長室長/執行役員、東京都顧問、大阪府市特別参与、内閣官房CIO補佐官などを歴任し、現在は投資家や著述業、コンテクスター、Well-Being for PlanetEarth財団理事も務める。【注目するニュース分野】政治、ビジネス,https://article-image-ix.nikkei.com/https%3A%2F%2Fimgix-proxy.n8s.jp%2Ftopic%2FEVP01094-1-1.jpg?ixlib=js-2.3.2&auto=format%2Ccompress&fit=max&ch=Width%2CDPR&s=88062d05bddb0de2464228a8e7726871
矢野寿彦,1,TRUE,日本経済新聞社　編集委員・論説委員,https://www.nikkei.com/topics/topic_expert_EVP01041,産業部、大阪経済部、整理部を経て2000年から科学技術部に在籍。主に科学技術政策や医療、原発問題を取材。福島第1原発事故やSTAP騒動の報道をデスクとして率いる。2016年から3年間、科学技術部長。2008年には東大医療政策人材養成講座を修了。【注目するニュース分野】科学技術,https://article-image-ix.nikkei.com/https%3A%2F%2Fimgix-proxy.n8s.jp%2Ftopic%2FEVP01041-1-1.png?ixlib=js-2.3.2&auto=format%2Ccompress&fit=max&ch=Width%2CDPR&s=8292905d6e7d086d3a6bbee46febc215
山崎俊彦,1,,東京大学　大学院情報理工学系研究科 准教授,https://www.nikkei.com/topics/topic_expert_EVP01042,東京大学大学院工学系研究科電子工学専攻修了。博士（工学）。2011～2013年、米国・コーネル大学 Visiting Scientist。マルチメディア処理、パターン認識、画像認識、機械学習、最適化などの研究を行っている。【注目するニュース分野】AI、AI教育、マルチメディア,https://article-image-ix.nikkei.com/https%3A%2F%2Fimgix-proxy.n8s.jp%2Ftopic%2FEVP01042-1-1.jpg?ixlib=js-2.3.2&auto=format%2Ccompress&fit=max&ch=Width%2CDPR&s=3089c2314f0ebf0f756745315738a901
山本由里,2,TRUE,日本経済新聞社　マネー・エディター,https://www.nikkei.com/topics/topic_expert_EVP01044,証券部、テレビ東京、日経ヴェリタスなどで「お金周り」を取材・執筆。2020年1月からマネー編集センターのマネー・エディター。「1円単位の節約から1兆円単位のマーケットまで」をキャッチフレーズに幅広くカバーする。【注目するニュース分野】家計・年金,https://article-image-ix.nikkei.com/https%3A%2F%2Fimgix-proxy.n8s.jp%2Ftopic%2FEVP01044-1-1.png?ixlib=js-2.3.2&auto=format%2Ccompress&fit=max&ch=Width%2CDPR&s=2eac0d66c9290e3d8c09bf61b8d5a967
チャールズ・レイク,1,,アフラック生命保険　代表取締役会長,https://www.nikkei.com/topics/topic_expert_EVP01066,1999年アフラック入社、日本における代表者・社長、同・会長等を歴任し、2018年から現職。日本の上場企業の社外取締役も務める他、米日経済協議会理事（2011年～13年会長・日米財界人会議米側議長）、公正取引委員会「独占禁止懇話会」会員、内閣府「対日直接投資推進会議」アドバイザー等を兼務。著書に『社外取締役の兵法 グッドガバナンスの実践』など。【注目するニュース分野】経営・コーポレートガバナンス、国際政治経済、金融資本市場,https://article-image-ix.nikkei.com/https%3A%2F%2Fimgix-proxy.n8s.jp%2Ftopic%2FEVP01066-1-1.png?ixlib=js-2.3.2&auto=format%2Ccompress&fit=max&ch=Width%2CDPR&s=83f8a697881fefc86f7fc871580847aa
渡部恒雄,1,,笹川平和財団　上席研究員,https://www.nikkei.com/topics/topic_expert_EVP01093,東北大学歯学部卒業後、米ニュースクール大学で政治学修士課程修了。1995年に米戦略国際問題研究所（CSIS）入所。客員研究員、主任研究員などを経て2003年より上級研究員として、日米関係、アジアの安全保障などを研究。三井物産戦略研究所、東京財団を経て現職。著書に『2021年以後の世界秩序―国際情勢を読む20のアングル』（新潮新書）など。【注目するニュース分野】米国の政治・外交、日米中関係、アジアの安全保障,https://article-image-ix.nikkei.com/https%3A%2F%2Fimgix-proxy.n8s.jp%2Ftopic%2FEVP01093-1-1.jpg?ixlib=js-2.3.2&auto=format%2Ccompress&fit=max&ch=Width%2CDPR&s=abf6ba9ce9e9b510b6d9cd5a4008c4da