,name,gender_x,inhouse_x,headline,urls,description,gender_y,inhouse_y,a_headline,a_profile,gender,inhouse,np_category,np_headline,likes
0,青山瑠妙,2.0,,早稲田大学大学院アジア太平洋研究科　教授,https://www.nikkei.com/topics/topic_expert_EVP01001,早稲田大学現代中国研究所の所長。著書『現代中国の外交』は2008年に大平正芳記念賞を受賞。米スタンフォード大やジョージ・ワシントン大で客員研究員の経験を持ち、幅広い視点から中国の政治・外交を分析する。成長と覇権の間で揺れる中国ニュースを読み解く視点を提供する。【注目するニュース分野】国際関係論、現代中国外交,,,,,,,,,
1,赤川省吾,1.0,True,日本経済新聞社　欧州総局編集委員,https://www.nikkei.com/topics/topic_expert_EVP01069,欧州全域の政治・経済・文化に精通し、欧州の政治家やセントラルバンカーに幅広い人脈を持つ。1999年に新聞協会賞。政治学博士(ベルリン自由大学/戦後ドイツ史の研究)。日欧の双方で著書、学術論文、テレビ出演、講演など多数。近著に「Die Japanpolitik der DDR」「金融の世界現代史」。ベルリン自由大学非常勤講師。【注目するニュース分野】欧州政治・経済・文化,,,,,,,,,
2,秋田浩之,1.0,True,日本経済新聞社　本社コメンテーター,https://www.nikkei.com/topics/topic_expert_EVP01002,国内外の外交、安全保障問題のエキスパートとして「Deep Insight」など論評コラムを連載。北京やワシントンでの駐在、英フィナンシャル・タイムズ紙の論説委員会に勤務し、社説を執筆。著書に『暗流　米中日外交三国志』、『乱流　米中日安全保障三国志』。18年度ボーン・上田記念国際記者賞。【注目するニュース分野】グローバル,,,,,,,,,
3,浅川直輝,1.0,,日経BP　「日経コンピュータ」編集長,https://www.nikkei.com/topics/topic_expert_EVP01088,2003年に日経BP入社。日経エレクトロニクス、日本経済新聞を経て現職。人工知能（AI）や量子コンピューターなどの先端技術に加え、企業DX（デジタル変革）、デジタル政府、データプライバシーなどをテーマに取材・執筆している。技術、ビジネス、社会を横串にさせるジャーナリストを目指す。編著『なぜデジタル政府は失敗し続けるのか』（日経BP）。人工知能学会倫理委員。【注目するニュース分野】IT、デジタル社会、科学,,,,,,,,,
4,天野彬,1.0,,電通 電通メディアイノベーションラボ　主任研究員,https://www.nikkei.com/topics/topic_expert_EVP01074,1986年生まれ。東京大学大学院学際情報学府修士課程修了（M.A.）。2012年電通入社後、マーケティング・新規事業開発部門を経て現職。著書に『シェアしたがる心理』、『SNS変遷史』『情報メディア白書（共著）』など。SNSのトレンドやマーケティング活用についてのコンサルティングや研究開発を専門とする。【注目するニュース分野】ＳＮＳ、マーケティング、広告、若者の文化や消費,,,,,,,,,
5,新井紀子,2.0,,国立情報学研究所　社会共有知研究センター　センター長・教授,https://www.nikkei.com/topics/topic_expert_EVP01089,東京都出身。一橋大学法学部、米イリノイ大学数学科卒業。イリノイ大院を経て、東京工業大学博士（理学）。専門は数理論理学。2011年から人工知能（ＡＩ）プロジェクト「ロボットは東大に入れるか」を主導。 16年からは読解力を診断する「リーディングスキルテスト」を開発。研究者情報システムresearchmapの研究開発も担う。 『AI vs. 教科書が読めない子どもたち』、『ＡＩに負けない子どもを育てる』など著書多数。一般社団法人　教育のための科学研究所　代表理事・所長。ＨＰ：https://researchmap.jp/arai_noriko【注目するニュース分野】ＡＩ、教育,,,,,,,,,
6,池内恵,1.0,,東京大学先端科学技術研究センター　教授,https://www.nikkei.com/topics/topic_expert_EVP01046,中東情勢を理解し、日本に伝えてきた第一人者。日本貿易振興機構アジア経済研究所研究員、国際日本文化研究センター准教授を経て、2008年10月より東京大学先端科学技術研究センター准教授、2018年10月より現職。著書に『現代アラブの社会思想』(大佛次郎論壇賞)、『書物の運命』(毎日書評賞)、『イスラーム世界の論じ方』(サントリー学芸賞)、『イスラーム国の衝撃』(毎日出版文化賞特別賞)など多数。東大先端研内のシンクタンク「ROLES」でも発信中。Peatix：https://gsr-rcast.peatix.com/Twitter：https://twitter.com/rcastletsrole【注目するニュース分野】グローバルセキュリティ・イスラム政治思想,,,,,1.0,,国際,東京大学 先端科学技術研究センター教授（グローバルセキュリティ・宗教分野）,23595.0
7,池上彰,1.0,,ジャーナリスト・東京工業大学特命教授,https://www.nikkei.com/topics/topic_expert_EVP01003,1973年に記者としてＮＨＫ入局。東京社会部などで報道に携わった。94年から11年間、「週刊こどもニュース」のお父さん役として活躍。2005年、フリーに。コラム、書籍、テレビなどでのわかりやい解説が幅広い世代の支持を得ている。12年から日本経済新聞及び日経電子版にて、若者向けコラムを連載している。【注目するニュース分野】政治、経済、社会、教育、歴史,,,,,,,,,
8,伊佐山元,1.0,,WiL　共同創業者兼CEO,https://www.nikkei.com/topics/topic_expert_EVP01078,1997年東京大学法学部卒業後、日本興業銀行（現・みずほフィナンシャルグループ）に入行、スタンフォード大学ビジネススクールに留学後、米大手ベンチャーキャピタルのDCM本社パートナーとして、シリコンバレーで10年間にわたり、日米中のITベンチャーへの投資育成を手掛ける。2013年、日米を中心としたベンチャー企業の投資・事業支援を行うWiLを創業。【注目するニュース分野】ベンチャー、IT全般、金融、教育,,,,,,,,,
9,石川温,1.0,,スマホジャーナリスト,https://www.nikkei.com/topics/topic_expert_EVP01047,月刊誌「日経TRENDY」編集記者を経て、2003年にジャーナリストとして独立。携帯電話を中心に国内外のモバイル業界を取材し、一般誌や専門誌、女性誌などで幅広く執筆。ラジオNIKKEIで「スマホNo.1メディア」に出演。近著に「未来IT図解　これからの5Gビジネス」（エムディエヌコーポレーション）がある。 Clubhouse: iskw226【注目するニュース分野】テクノロジー、モバイル、通信,,,,,,,,,
10,石倉洋子,2.0,,一橋大学　名誉教授,https://www.nikkei.com/topics/topic_expert_EVP01091,米バージニア大学大学院経営学修士（MBA）、ハーバード大学大学院経営学博士(DBA)修了。マッキンゼー・アンド・カンパニーを経て青山学院、一橋、慶応義塾の各大学・大学院で教授を歴任。専門は経営戦略やグローバル人材。資生堂などの社外取締役も務める。著書に「タルピオット　イスラエル式エリート養成プログラム」（共著、日本経済新聞出版社）などがある。【注目するニュース分野】経営戦略、グローバル人材,,,,,,,,,
11,石塚由紀夫,1.0,True,日本経済新聞社　編集委員,https://www.nikkei.com/topics/topic_expert_EVP01004,女性活躍推進やシニア雇用といったダイバーシティ（人材の多様化）、働き方改革など企業の人事戦略を30年以上にわたり、取材・執筆。女性面編集長を経て現職。近著は「味の素『残業ゼロ』改革」（日本経済新聞出版社）。ニューズレター「Workstyle2030」を毎週執筆中。【注目するニュース分野】働き方・雇用,,,,,,,,,
12,磯田道史,1.0,,国際日本文化研究センター　教授,https://www.nikkei.com/topics/topic_expert_EVP01080,1970年岡山市生まれ。94年慶応大文卒、2002年慶大院卒。博士(史学)。茨城大助教授、静岡文化芸術大教授を経て、16年国際日本文化研究センター准教授。21年4月から現職。専門は日本近世・近代史。東日本大震災後は歴史災害を調べ防災に役立てる。著書に「天災から日本史を読みなおす」（中公新書）、「感染症の日本史」（文春新書）、「武士の家計簿」（新潮新書）など。【注目するニュース分野】歴史・考古学、文学、美術、災害,,,,,,,,,
13,井戸美枝,2.0,,ファイナンシャルプランナー（CFP）/社会保険労務士,https://www.nikkei.com/topics/topic_expert_EVP01090,ファイナンシャルプランナー（CFP）、社会保険労務士。講演や執筆、テレビ、ラジオ出演などを通じ、生活に身近な経済問題をはじめ、年金・社会保障問題を専門にし、解説している。国民年金基金連合会理事（非常勤）近著に「一般論はもういいので、私の老後のお金『答え』をください! 」（日経BP）などがある。【注目するニュース分野】年金・社会保障・家計,,,,,,,,,
14,伊藤さゆり,2.0,,ニッセイ基礎研究所　経済研究部　研究理事,https://www.nikkei.com/topics/topic_expert_EVP01048,早稲田大学政治経済学部卒業後、日本興業銀行(現・みずほ銀行)を経て、ニッセイ基礎研究所入社、2019年7月から現職。修士（商学・早稲田大学）。早稲田大学商学学術院非常勤講師兼務。日本ＥＵ学会理事。主な著書に著書に『沈まぬユーロ』（共著、文眞堂）、『EU分裂と世界経済危機　イギリス離脱は何をもたらすか』（NHK出版新書）、『EUは危機を超えられるか　統合と分裂の相克』（共著、NTT出版）など【注目するニュース分野】欧州経済、国際経済・金融,,,,,,,,,
15,今村卓,1.0,,丸紅　執行役員　経済研究所長,https://www.nikkei.com/topics/topic_expert_EVP01049,丸紅経済研究所チーフエコノミストなどを経て、08年から17年まで丸紅米国会社ワシントン事務所長。19年から現職。専門は米国政治・経済。ワシントン・ウォッチャーと丸紅の米国の政府渉外活動の二つの活動を長く続けて培った独自の米国観で分析する。商社シンクタンクを率いて国際経済・金融も分析。【注目するニュース分野】米国政治・経済、国際経済・金融,,,,,,,,,
16,岩間陽子,2.0,,政策研究大学院大学 政策研究科　教授,https://www.nikkei.com/topics/topic_expert_EVP01050,京都大学法学部卒業、同大学大学院博士後期課程修了。ドイツ留学時、ベルリンの壁の崩壊と東西冷戦終結を体験。博士（法学）。在ドイツ日本国大使館専門調査員、政策研究大学院大学助教授などを経て、2009年から現職。専門は国際政治、欧州安全保障。著書に『ドイツ再軍備』（中公叢書、1993年）など。【注目するニュース分野】国際政治、ドイツ政治外交史、安全保障,,,,,,,,,
17,上杉素直,1.0,,本社コメンテーター・論説委員,https://www.nikkei.com/topics/topic_expert_EVP01005,中小・ベンチャー企業、製薬会社や電機業界を担当後、東京経済部で金融ビジネスや金融政策、税制・財政をはじめとする経済政策、社会保障の現場を取材。2010年からのロンドン駐在では欧州債務危機に揺れる政治や行政、人々の暮らしをのぞいた。近著に『金融庁２．０』（日本経済新聞出版社）【注目するニュース分野】マクロ経済,,,,,,,,,
18,蛯原健,1.0,,リブライトパートナーズ　代表パートナー,https://www.nikkei.com/topics/topic_expert_EVP01075,アジア地域に特化した独立系ベンチャーキャピタル、リブライト パートナーズを2008年に創業、 シンガポールとインド・バンガロールおよび東京の3拠点体制で運営。 日本証券アナリスト協会 認定アナリスト（CMA）【注目するニュース分野】テクノロジー、スタートアップ、グローバル,,,,,1.0,,テクノロジー,リブライトパートナーズ 代表パートナー,167739.0
19,大岩佐和子,2.0,True,日本経済新聞社　編集委員,https://www.nikkei.com/topics/topic_expert_EVP01006,流通経済部で専門店や飲食店、コンビニ、消費財メーカーを担当。日経MJのデスク時代にネットビジネスやサービス業界など担当の幅を広げた。また地方自治体の担当も長く、住民自治やコミュニティーの取材経験も重ねてきた。18年4月に論説委員兼編集委員となり、記事を書くだけでなく講演など活躍の場を広げている。【注目するニュース分野】 消費・流通,,,,,,,,,
20,大槻奈那,2.0,,マネックス証券　専門役員チーフアナリスト,https://www.nikkei.com/topics/topic_expert_EVP01007,スタンダード&プアーズ、UBS、メリルリンチなどの金融機関でリサーチ業務に従事、各種メディアのアナリスト・ランキングで高評価を得てきた。2016年1月より現職。国内外の金融市場や海外の株式市場等を分析する。名古屋商科大学大学院教授なども兼務。【注目するニュース分野】株式、金融,,,,,2.0,,マネー,マネックス証券 執行役員 /名古屋商科大学大学院 教授,21667.0
21,大湾秀雄,1.0,,早稲田大学　教授,https://www.nikkei.com/topics/topic_expert_EVP01051,ニッポンの働き方を人事データから読み解く労働経済学者。1999年スタンフォード大学経営大学院博士、東京大学社会科学研究所教授などを経て2018年から早稲田大学政治経済学術院教授。経済産業研究所ファカルティフェローも務め、人事と生産性の関係などを研究。著書に『日本の人事を科学する―因果推論に基づくデータ活用』など。【注目するニュース分野】働き方、人事、組織,,,,,,,,,
22,小黒一正,1.0,,法政大学経済学部　教授,https://www.nikkei.com/topics/topic_expert_EVP01052,日本経済や財政問題といった骨太テーマに挑む論客。一橋大博士（経済学）。1997年大蔵省（現財務省）入省後、財務総合政策研究所、一橋大准教授などを経て2015年から現職。『日本経済の再構築』（単著、日本経済新聞出版社）『財政破綻後　危機のシナリオ分析』（共著、日本経済新聞出版社）など著書多数。【注目するニュース分野】マクロ経済、財政・社会保障,,,,,,,,,
23,風早隆弘,1.0,,クレディ・スイス証券　株式調査部　株式調査共同統括部長,https://www.nikkei.com/topics/topic_expert_EVP01081,15年以上にわたり小売りセクターの調査・分析に従事。2000年に伊勢丹（現三越伊勢丹）に入社、その後、野村証券にてアナリストとして小売りセクターのカバレッジを開始。09年9月よりドイツ証券にて小売りセクターシニアアナリストを務めた後、19年10月よりクレディ・スイス証券株式調査共同統括部長兼マネージングディレクター【注目するニュース分野】消費、小売り、Eコマース,,,,,,,,,
24,梶原誠,1.0,True,日本経済新聞社　本社コメンテーター,https://www.nikkei.com/topics/topic_expert_EVP01009,東京、ニューヨーク、ソウル、香港を拠点に市場を通して世界を見てきた。アジア通貨危機、日本の金融危機、リーマン危機も取材。編集委員、論説委員、英文コラムニストを経て2017年より現職。市場に映るもの全てを追う。【注目するニュース分野】市場、企業、世界,,,,,,,,,
25,北川和徳,1.0,True,日本経済新聞社　編集委員,https://www.nikkei.com/topics/topic_expert_EVP01070,記者生活の大半、運動部で五輪とスポーツを担当。個々の五輪競技とアスリートだけでなく、日本オリンピック委員会（JOC）や日本スポーツ協会（JSPO）、スポーツ庁なども取材しています。東京五輪・パラリンピック、さらにそれ以降に向けて変革が求められている日本のスポーツのあるべき姿を伝え、この国のスポーツの価値向上に貢献したいです。【注目するニュース分野】五輪、スポーツ行政、スポーツの産業化、スポーツ全般,,,,,,,,,
26,木村恭子,2.0,True,日本経済新聞社　編集委員,https://www.nikkei.com/topics/topic_expert_EVP01010,読売新聞社、米通信社記者などを経て2007年から日本経済新聞社英文編集部デスク、14年より現職。国内外の政治経済、教育分野をカバー。ＢＳテレビ東京「日経プラス10」、日経CNBC「夜エクスプレス」に出演中。共著に『経済、これだけ知っていれば生きてゆけます。』（日本経済新聞出版社）など。【注目するニュース分野】働き方・雇用,,,,,,,,,
27,楠木建,1.0,,一橋大学　教授,https://www.nikkei.com/topics/topic_expert_EVP01082,1992年一橋大学大学院商学研究科博士課程修了。同大商学部助教授、同大学院国際企業戦略研究科准教授などを経て、2010年一橋ビジネススクール国際企業戦略専攻教授。専攻は競争戦略論。主な著書に「ストーリーとしての競争戦略：優れた戦略の条件」「逆・タイムマシン経営論」などがある。「新聞・雑誌は寝かせて読め」が持論。【注目するニュース分野】経営戦略,,,,,,,,,
28,楠正憲,1.0,,Japan Digital Design Chief Technology Officer,https://www.nikkei.com/topics/topic_expert_EVP01084,マイクロソフト、ヤフーなどを経て2017年からJapan Digital Design CTO。2011年から内閣官房 番号制度推進管理補佐官、2012年から政府CIO補佐官として、マイナンバー制度を支える情報システム基盤や、ワクチン接種記録システムなどの構築に携わる。日本暗号資産取引業協会理事、東京都 デジタルサービスフェロー、認定NPO法人フローレンス 理事、FinTech協会アドバイザーなども務める。【注目するニュース分野】テクノロジー、経済・金融、社会,,,,,,,,,
29,黒田忠広,1.0,,東京大学大学院工学系研究科　教授,https://www.nikkei.com/topics/topic_expert_EVP01076,1982年から18年間、東芝で半導体集積回路を研究開発。2000年から20年間、慶應義塾大学とカリフォルニア大学バークレイ校で教壇に立った。現在は、東京大学システムデザイン研究センターd.labセンター長、先端システム技術研究組合RaaS理事長、国際会議VLSIシンポジウム委員長を務める。IEEEと電子情報通信学会のフェロー、慶應義塾大学名誉教授。【注目するニュース分野】半導体、テクノロジー、教育,,,,,,,,,
30,小泉文明,1.0,,メルカリ会長/鹿島アントラーズ・エフ・シー代表取締役,https://www.nikkei.com/topics/topic_expert_EVP01092,大学卒業後、大和証券SMBCにてネット企業のIPOを担当。2006年よりミクシィにジョインし、取締役執行役員CFOとしてコーポレート部門全体を統轄。12年退任後はいくつかのスタートアップを支援し、13年12月メルカリに参画。14年3月取締役就任、17年4月取締役社長兼COO、19年9月取締役President （会長）就任。19年8月より鹿島アントラーズ・エフ・シー代表取締役社長兼任。【注目するニュース分野】テクノロジー、スタートアップ、スポーツ、DX,,,,,,,,,
31,越野結花,2.0,,国際問題戦略研究所(IISS) リサーチ・フェロー,https://www.nikkei.com/topics/topic_expert_EVP01011,慶應大学法学部政治学科卒、ジョージタウン大学外交政策学院で修士号を取得。米国ワシントンDCを拠点とする防衛・宇宙分野のコンサルティング会社、米戦略国際問題研究所(CSIS）日本部を経て、2020年1月から現職。ジャパン・チェア・プログラムの立ち上げや日本の防衛・安全保障政策の分析・発信を行う。【注目するニュース分野】国際政治、安全保障,,,,,,,,,
32,小島武仁,1.0,,東京大学 大学院経済学研究科教授・マーケットデザインセンター所長,https://www.nikkei.com/topics/topic_expert_EVP01012,経済学者。2003年東京大学卒業（経済学部総代）、2008年ハーバード大学経済学部博士。イェール大学、スタンフォード大学などを経て2020年より現職。専門分野は人と人や人とモノ・サービスを適材適所に引き合わせる方法を考える「マッチング理論」と、それを応用して社会制度の設計や実装につなげる「マーケットデザイン」。【注目するニュース分野】ミクロ経済学、ゲーム理論、マーケットデザイン,,,,,,,,,
33,小平龍四郎,1.0,,論説委員・編集委員,https://www.nikkei.com/topics/topic_expert_EVP01013,日本と海外の金融機関やマーケットを30年取材。現場の記者時代には「山一証券自主廃業」「村上ファンド登場」などの特報に関わる。ロンドン特派員、論説委員、アジア編集総局編集委員などを経て、現職。日経本紙コラム「一目均衡」を10年以上執筆。著書「グローバル・コーポレート・ガバナンス」「アジア資本主義」。いずれも日本経済新聞出版。【注目するニュース分野】金融・投資,,,,,,,,,
34,小山堅,1.0,,日本エネルギー経済研究所　専務理事 首席研究員,https://www.nikkei.com/topics/topic_expert_EVP01053,「脱炭素」や「エネルギー安全保障」、米・中・露・中東などのエネルギー問題など、国際エネルギー情勢の今を切り取る第一人者。1986年早稲田大修士修了、日本エネルギー経済研究所入所。2001年英ダンディ大博士。政府のエネルギー関連審議会委員に加え、国連のアドバイザーなども歴任。13年から東京大公共政策大学院客員教授。【注目するニュース分野】エネルギー・環境政策、地政学、安全保障,,,,,,,,,
35,坂田亮太郎,1.0,,日経BP　「日経バイオテク」編集長,https://www.nikkei.com/topics/topic_expert_EVP01087,大学院時代、免疫細胞の分化プロセスを研究。日経BP入社後は日経バイオテクに配属となり、製薬・食品・化学業界を取材。その後、日経ビジネス記者、北京支局長、上海支局長などを経て2019年4月より現職。バイオテクノロジーの産業動向に加え、若手研究者のアカデミアの構造要因についても関心を持つ。「日経バイオテク」編集部　公式アカウントでも発信中Twitter：https://twitter.com/nikkeibiotech【注目するニュース分野】製薬、食品、化学、大学,,,,,,,,,
36,志田富雄,1.0,True,日本経済新聞社　編集委員,https://www.nikkei.com/topics/topic_expert_EVP01014,1985～87年の欧州（ロンドン）勤務時に初めて国際商品市場を取材。原油の相場低迷や「すず危機」などを目の当たりにして商品市場の奥深さを知る。英文記者を経て1991年から商品部へ。記者時代は石油のほか、コメなどの食品、鉄鋼を担当。2003年から編集委員、2009年から19年まで論説委員を兼務。【注目するニュース分野】マクロ経済,,,,,,,,,
37,慎泰俊,1.0,,五常・アンド・カンパニー株式会社　代表取締役,https://www.nikkei.com/topics/topic_expert_EVP01015,モルガンスタンレー・キャピタル、ユニゾン・キャピタルを経て、2014年にすべての人に金融アクセスを届けることをミッションとして五常・アンド・カンパニーを共同創業。途上国で事業向け少額金融サービス(マイクロファイナンス)を展開。2007年にLiving in Peaceを設立し、日本初の「マイクロファイナンス・ファンド」を企画 。【注目するニュース分野】金融、経営、社会貢献,,,,,,,,,
38,杉本貴司,1.0,,編集委員・論説委員,https://www.nikkei.com/topics/topic_expert_EVP01072,一貫して産業分野を取材。2011～15年にニューヨーク駐在。2020年4月より編集委員。著書に「ネット興亡記　敗れざる者たち」「孫正義300年王国への野望」「ホンダジェット誕生物語」。【注目するニュース分野】テクノロジー全般、スタートアップ、自動車、ものづくり,,,,,,,,,
39,菅野幹雄,1.0,True,日本経済新聞社　ワシントン支局長・本社コメンテーター,https://www.nikkei.com/topics/topic_expert_EVP01016,マクロ経済が専門分野で、ベルリンとロンドンに合計7年駐在。ユーロ危機やEU動乱を報じた。2018年春からはワシントンで「トランプの米国」が揺さぶる世界秩序の変貌、米大統領選後の米国の変化を追う。著書に『英EU離脱の衝撃』。【注目するニュース分野】グローバル,,,,,,,,,
40,鈴木一人,1.0,,東京大学　公共政策大学院 教授,https://www.nikkei.com/topics/topic_expert_EVP01017,2000年、英国サセックス大学ヨーロッパ研究所博士課程修了。筑波大学専任講師・准教授、北海道大学教授を経て、2020年から現職。2013−15年に国連安保理イラン制裁専門家パネル委員。内閣府宇宙政策委員会宇宙安全保障部会委員、日本安全保障貿易学会会長、国際宇宙アカデミー正会員。主著に『宇宙開発と国際政治』（岩波書店）など。【注目するニュース分野】国際政治、科学技術政策、宇宙政策,,,,,1.0,,国際,東京大学 公共政策大学院教授,27800.0
41,鈴木亘,1.0,,学習院大学経済学部　教授,https://www.nikkei.com/topics/topic_expert_EVP01054,年金、医療など社会保障全般を精緻に分析・提言。1994年上智大卒、大阪大博士。日銀、日経センターなどを経て2009年から現職。内閣府規制改革会議や国家戦略特区ＷＧ委員、大阪市や東京都の特別顧問なども歴任。共著『生活保護の経済分析』『健康政策の経済分析』が日経・経済図書文化賞を受賞。近著に『社会保障と財政の危機』。【注目するニュース分野】社会保障、社会福祉、財政,,,,,,,,,
42,高井宏章,1.0,True,日本経済新聞社　編集委員,https://www.nikkei.com/topics/topic_expert_EVP01018,マーケット、金融・資産運用、国際ニュースなどを専門分野とし、経済記者・デスクとして20年超の経験がある。2016~18年にロンドン駐在。YouTubeで「マネーの世界 教えて高井さん」を担当。【注目するニュース分野】金融・投資,,,,,,,,,
43,高岡浩三,1.0,,ケイアンドカンパニー　代表取締役,https://www.nikkei.com/topics/topic_expert_EVP01055,神戸大学経営学部卒業後、ネスレ日本に入社。各種ブランドマネジャー等を経て、「キットカット受験応援キャンペーン」などを手がける。ネスレ日本副社長時代には、新しい「ネスカフェ」ビジネスモデルを構築。2010年11月から2020年3月までネスレ日本社長兼CEO。スシローやサイバーエージェントで社外取締役を務める。【注目するニュース分野】マーケティング、ブランディング,,,,,,,,,
44,高田明,1.0,,ジャパネットたかた　創業者,https://www.nikkei.com/topics/topic_expert_EVP01019,大学卒業後、阪村機械製作所に入社し通訳として海外駐在を経験。1974年、故郷に戻り、父親が経営するカメラ店で働く。86年に独立し、「たかた」（現ジャパネットたかた）を設立。売上高1700億円を超える企業に育て上げる。2015年に社長を退任後、サッカーJ2のクラブチーム、V・ファーレン長崎の社長を約3年務め、J1リーグ昇格に導く。【注目するニュース分野】経営、小売業、スポーツビジネス,,,,,,,,,
45,高橋祥子,2.0,,ジーンクエスト　代表取締役,https://www.nikkei.com/topics/topic_expert_EVP01056,大阪府出身。京都大学農学部卒業。2013年6月、東京大学大学院農学生命科学研究科博士課程在籍中にジーンクエストを起業。2015年3月に博士課程修了。個人向けに疾患リスクや体質などに関する遺伝子情報を伝えるゲノム解析サービスを行う。2018年4月、ユーグレナの執行役員に就任。【注目するニュース分野】バイオテクノロジー、ゲノム解析,,,,,,,,,
46,高村ゆかり,2.0,,東京大学未来ビジョン研究センター　教授,https://www.nikkei.com/topics/topic_expert_EVP01057,グローバルな観点から環境・エネルギーを論じる「脱炭素」時代のオピニオン・リーダー。専門は国際法学・環境法学。名古屋大学大学院教授などを経て2018年から東京大学教授、19年から現職。経済産業省、環境省など国の審議会委員やアジア開発銀行気候変動と持続可能な発展に関する諮問グループ委員も務める。【注目するニュース分野】環境、エネルギー、国際関係,,,,,,,,,
47,滝田洋一,1.0,True,日本経済新聞社　編集委員,https://www.nikkei.com/topics/topic_expert_EVP01020,金融部、チューリヒ支局、経済部編集委員、米州総局編集委員などを経て現職。テレビ東京「ワールドビジネスサテライト」キャスターも務める。世界金融危機の報道で2008年度ボーン・上田記念国際記者賞受賞。複雑な世界経済をわかりやすく解説、分析。著書に『世界経済 チキンゲームの罠』（日本経済新聞出版社）など。【注目するニュース分野】マクロ経済,,,,,,,,,
48,詫摩佳代,2.0,,東京都立大学　法学部教授,https://www.nikkei.com/topics/topic_expert_EVP01021,1981年生まれ。東京大学大学院総合文化研究科国際関係論博士課程単位取得退学、博士（学術）。グローバル・ヘルス・ガバナンスのスペシャリスト。近著に『人類と病-国際政治から見る感染症と健康格差』（中央公論新社）。新型コロナ対策をはじめ、いま最も注目されるテーマを読み解く。【注目するニュース分野】国際関係論、グローバル・ヘルス・ガバナンス,,,,,,,,,
49,竹内薫,1.0,,サイエンスライター,https://www.nikkei.com/topics/topic_expert_EVP01058,量子理論をはじめ科学の最先端を解きほぐすナビゲーター。東京大学教養学部教養学科、同理学部物理学科卒業。カナダ・マギル大博士（高エネルギー物理学専攻）。主な著書に『ペンローズのねじれた四次元』『９９．９％は仮説』。子供の生きる力を伸ばす「ＹＥＳ　Ｉｎｔｅｒｎａｔｉｏｎａｌ　Ｓｃｈｏｏｌ」の校長も務める。【注目するニュース分野】科学技術、教育,,,,,1.0,,ヘルスケア,サイエンス作家,3305.0
50,竹内純子,2.0,,国際環境経済研究所　理事・主席研究員,https://www.nikkei.com/topics/topic_expert_EVP01022,1994年東京電力入社、主に環境部門を経験。2012年独立。環境・エネルギー政策の研究を続ける傍ら、エネルギー転換の原動力となるスタートアップを支援するため、2018年U3イノベーションズLLP創設。政府委員も多数務め、著書に「エネルギー産業の2050年　Utility3.0へのゲームチェンジ」（日本経済新聞出版社）など。【注目するニュース分野】エネルギー、政策,,,,,2.0,,社会,国際環境経済研究所 理事・主席研究員,36211.0
51,竹川美奈子,2.0,,"ファイナンシャル・ジャーナリスト、LIFE MAP,LLC代表",https://www.nikkei.com/topics/topic_expert_EVP01059,出版社や新聞社勤務などを経て独立。2000年FP資格を取得。取材・執筆活動を行うほか、投資信託やiDeCo（個人型確定拠出年金）、マネープランセミナーなどの講師を務める。「コツコツ投資家がコツコツ集まる夕べ（東京）」幹事などを務め、投資の裾野を広げる活動に取り組んでいる。金融審議会「市場ワーキング・グループ」委員。【注目するニュース分野】資産形成・活用、パーソナルファイナンス,,,,,,,,,
52,武田佳奈,2.0,,野村総合研究所未来創発センター　上級コンサルタント,https://www.nikkei.com/topics/topic_expert_EVP01060,2004年、慶應義塾大学大学院理工学研究科修了。同年野村総合研究所入社。官公庁の政策立案支援、民間企業の事業戦略立案支援などに従事し、2018年4月より現職。主に日本が抱える雇用・就労問題について調査研究および社会・政策提言を行う。著書に「フルキャリマネジメント－子育てしながら働く部下を持つマネジャーの心得」（東洋経済新報社）など。【注目するニュース分野】働き方、就労・キャリア支援、少子化克服,,,,,,,,,
53,竹中治堅,1.0,,政策研究大学院大学　教授,https://www.nikkei.com/topics/topic_expert_EVP01061,日本政治、比較政治の研究、教育をしています。関心は首相の指導力、コロナ危機への対応過程、参議院の役割など。著作に『コロナ危機の政治：安倍政権vs.知事』『参議院とは何か　– 1947〜2010』（2010年度大佛次郎論談賞受賞）『首相支配 —日本政治の変貌』など。【略歴】東京大学法学部卒。スタンフォード大学政治学部博士課程修了。大蔵省、政策研究大学院大学助教授、准教授を経て現職。【注目するニュース分野】政治・外交,,,,,,,,,
54,田中暁人,1.0,,編集委員・論説委員（シンガポール駐在）,https://www.nikkei.com/topics/topic_expert_EVP01023,ベンチャー市場部、産業部（現企業報道部）でスタートアップやベンチャーキャピタル、ITやコンテンツ業界を担当。米シリコンバレー支局ではテクノロジー業界を取材。帰国後は、企業報道部でエレクトロニクス業界や自動車業界の取材チームを統括。2019年4月より編集委員として、テクノロジー業界全般をカバーする。【注目するニュース分野】ミクロ経済・産業,,,,,,,,,
55,田中良和,1.0,,グリー　代表取締役会長兼社長,https://www.nikkei.com/topics/topic_expert_EVP01095,1999年、日本大学法学部を卒業後、ソニーコミュニケーションネットワーク（現：ソニーネットワークコミュニケーションズ）を経て、2000年2月、楽天（現：楽天グループ）に入社。2004年2月に個人の趣味としてGREEを開発。同年10月、楽天を退社。同年12月、グリーを設立し、代表取締役に就任。2014年9月、代表取締役会長兼社長に就任。【注目するニュース分野】テクノロジー、ＩＴ、経営、スタートアップ,,,,,,,,,
56,為末大,1.0,,元陸上選手/Deportare Partners代表,https://www.nikkei.com/topics/topic_expert_EVP01062,スプリント種目の世界大会で日本人として初のメダルを獲得。オリンピックに３度出場。男子400メートルハードルの日本記録保持者（2021年3月現在）。現在は執筆活動、会社経営を行う。新豊洲Brilliaランニングスタジアム館長。日本プロサッカーリーグ（Jリーグ）理事。東京大学 未来社会協創推進本部　アドバイザリーボード委員。【注目するニュース分野】東京五輪、教育、哲学・心理学,,,,,,,,,
57,津川友介,1.0,,米カリフォルニア大学ロサンゼルス校（UCLA）　助教授・医師,https://www.nikkei.com/topics/topic_expert_EVP01085,東北大学医学部卒、ハーバード大学で博士号（PhD）を取得。聖路加国際病院、世界銀行、ハーバード大学勤務を経て、2017年から現職。日本医療政策機構理事。著書に『原因と結果の経済学』（ダイヤモンド社）、『世界一わかりやすい医療政策の教科書』（医学書院）など。ブログ　https://healthpolicyhealthecon.com/【注目するニュース分野】医療政策、医療経済学、ヘルスケアAI,,,,,,,,,
58,中空麻奈,2.0,,BNPパリバ証券　グローバルマーケット統括本部 副会長,https://www.nikkei.com/topics/topic_expert_EVP01026,97年野村アセットマネジメントでクレジットアナリストとしてのキャリアをスタート。08年10月にBNPパリバ証券クレジット調査部長、11年9月投資調査本部長、19年1月市場調査本部長、20年2月からグローバルマーケット統括本部副会長兼チーフクレジットストラテジスト兼チーフESGストラテジスト。【注目するニュース分野】金融、投資,,,,,,,,,
59,中竹竜二,1.0,,チームボックス代表取締役/元早稲田大学ラグビー部監督,https://www.nikkei.com/topics/topic_expert_EVP01086,三菱総合研究所を経て、早稲田大学ラグビー蹴球部監督に就任し、大学選手権二連覇。2012年よりU20日本代表ヘッドコーチを経て、2014年、企業のリーダー育成を行うチームボックス設立。2019年、日本ラグビーフットボール協会理事就任。 著書に『ウィニイングカルチャー 勝ちぐせのある人と組織のつくり方』（ダイヤモンド社）など多数。【注目するニュース分野】スポーツ、働き方、組織改革,,,,,,,,,
60,中西孝樹,1.0,,ナカニシ自動車産業リサーチ　代表アナリスト,https://www.nikkei.com/topics/topic_expert_EVP01063,山一證券、メリルリンチ証券を経て、ＪＰモルガン証券、アライアンス・バーンスタインなどで一貫して自動車産業調査に従事。2013年に独立し、ナカニシ自動車産業リサーチを設立。日経ヴェリタス人気アナリストランキングの自動車・自動車部品部門で2004年から2009年まで6年連続1位。【注目するニュース分野】自動車,,,,,1.0,,ビジネス,ナカニシ自動車産業リサーチ 代表,25049.0
61,永浜利広,1.0,,第一生命経済研究所　首席エコノミスト,https://www.nikkei.com/topics/topic_expert_EVP01027,あしぎん総合研究所客員研究員、跡見学園女子大学マネジメント学部非常勤講師を兼務。総務省消費統計研究会委員、景気循環学会理事。専門は経済統計、マクロ経済分析。著書に『ＭＭＴとケインズ経済学』（ビジネス教育出版社）のほか、『エコノミストが教える経済指標の本当の使い方』（平凡社ビジネス）など。【注目するニュース分野】マクロ経済,,,,,,,,,
62,中林美恵子,2.0,,早稲田大学　社会科学部教授,https://www.nikkei.com/topics/topic_expert_EVP01028,大阪大学博士（国際公共政策）。1992年米国ワシントン州立大学大学院を修了し約10年間、米国上院予算委員会に勤務し国家予算編成を担う。（独）経済産業研究所研究員、財務省財政制度審議会委員および大学教員を経て、2009～2012年衆議院議員。2013年から早稲田大学准教授、2017年から現職。米国マンスフィールド財団名誉フェロー。【注目するニュース分野】米国政治・国際公共政策,,,,,,,,,
63,中満泉,2.0,,国際連合　事務次長・軍縮担当上級代表,https://www.nikkei.com/topics/topic_expert_EVP01029,早稲田大学、米国ジョージタウン大学大学院修了後、国連難民高等弁務官事務所（UNHCR）に入所。湾岸戦争やボスニア紛争の最前線で危機対応や人道支援に従事。国連平和維持活動（PKO）局で政策部長、アジア・中東部長、国連開発計画（UNDP）危機対応局長を歴任し、2017年より現職。2女の母。【注目するニュース分野】国際協力、国際安全保障・軍縮、人道支援、ダイバーシティ,2.0,,国際連合事務次長・軍縮担当上級代表,早稲田大学、米国ジョージタウン大学大学院修了後、国連難民高等弁務官事務所（UNHCR）に入所。湾岸戦争やボスニア紛争の最前線で危機対応や人道支援に従事。国連平和維持活動（PKO）局で政策部長、アジア・中東部長、国連開発計画（UNDP）危機対応局長を歴任し、2017年より現職。2女の母。,,,,,
64,中村直文,1.0,True,日本経済新聞社　編集委員・論説委員,https://www.nikkei.com/topics/topic_expert_EVP01030,長年にわたり小売業や消費財メーカーを担当。大手百貨店そごうの経営破綻、百貨店の統合、イオンやダイエーをはじめ大手スーパーの再編などの流通産業を取材してきた。 日経MJ編集長、編集委員を経て、19年4月から現職。マーケティングや消費をテーマに執筆活動を続ける。【注目するニュース分野】消費・流通,,,,,,,,,
65,中村奈都子,2.0,True,日本経済新聞社　編集委員,https://www.nikkei.com/topics/topic_expert_EVP01071,東京、大阪、名古屋で流通企業や消費の現場を20年以上取材。2017年に創刊した「NIKKEI The STYLE」では初代編集長として富裕層消費にも深く入り込みました。また大学時代に「女性の労働」を研究、1998年には大型連載企画「女たちの静かな革命」の取材記者、2019年4月から女性面編集長として働く女性を取り巻く環境の変化を見続けています。【注目するニュース分野】キャリア、働き方、ダイバーシティー、女性活躍、消費、マーケティング,,,,,,,,,
66,中室牧子,2.0,,慶応義塾大学　総合政策学部教授,https://www.nikkei.com/topics/topic_expert_EVP01031,慶応義塾大学卒業、米コロンビア大博士。教育の効果を「エビデンス（証拠）」で示す研究の第一人者で、日銀で市場分析の経験も持つ。政府の産業構造審議会委員などを務め、規制改革に向けた提言も積極的に行う。経済学を武器に、政策の原因と結果を確かな証拠に基づいて問う。【注目するニュース分野】教育経済学、経済政策,,,,,,,,,
67,中山淳史,1.0,True,日本経済新聞社　本社コメンテーター,https://www.nikkei.com/topics/topic_expert_EVP01067,自動車、電機など産業動向、経営トレンドに精通。編集委員、論説委員などを経て2017年2月よりコメンテーター。「GEと東芝」「移動の未来」などで講演多数。2001年の米同時テロをニューヨーク駐在時に取材。【注目するニュース分野】産業、企業経営,,,,,,,,,
68,野崎浩成,1.0,,東洋大学　国際学部教授,https://www.nikkei.com/topics/topic_expert_EVP01032,86年慶大経卒、91年米エール大院修了。あさひ銀行、シティグループ証券などを経て、18年から東洋大学国際学部グローバル・イノベーション学科教授。シティグループ証券時代に日経アナリストランキング（銀行部門）2005年~2015年1位。【注目するニュース分野】金融、銀行、証券,,,,,,,,,
69,花村遼,1.0,,アーサー・ディ・リトル・ジャパン　パートナー,https://www.nikkei.com/topics/topic_expert_EVP01079,東京大学工学部、同大学院工学系研究科卒。製薬・医療機器・消費財・化学素材・官公庁のクライアントに対して、経営戦略・事業戦略・研究開発・イノベーション戦略等のコンサルティング業務に従事。著書「新型コロナ収束への道」（日経BP）。経済産業省、AMED（国立研究開発法人日本医療研究開発機構）主催の再生医療・遺伝子治療関連の委員会に委員として複数参画。【注目するニュース分野】ヘルスケア、医薬品、医療機器、バイオテクノロジー,,,,,,,,,
70,平井一夫,1.0,,ソニーグループ　シニアアドバイザー,https://www.nikkei.com/topics/topic_expert_EVP01033,1984年に音楽事業からキャリアをスタートし、ゲーム事業を経て、エレクトロニクスをはじめとしたソニーグループを統括。2012年4月ソニー株式会社 社長 兼 CEO、2018年4月より2019年6月まで会長を務める。2019年6月よりソニーグループ シニアアドバイザーに就任。【注目するニュース分野】経営、テクノロジー、エンターテインメント,,,,,,,,,
71,深尾三四郎,1.0,,伊藤忠総研　上席主任研究員,https://www.nikkei.com/topics/topic_expert_EVP01064,1981年生まれ。03年英ロンドン・スクール・オブ・エコノミクス（LSE）地理環境学部環境政策・経済学科卒。ヘッジファンドや国内外金融機関でのアナリストを経て、19年より現職。ブロックチェーンの国際コンソーシアム「MOBI」で理事も務める。近著に『モビリティ・エコノミクス～ブロックチェーンが拓く新たな経済圏』（日本経済新聞出版）。【注目するニュース分野】モビリティ、ブロックチェーン、脱炭素、SDGs,,,,,,,,,
72,福井健策,1.0,,骨董通り法律事務所 代表パートナー/弁護士,https://www.nikkei.com/topics/topic_expert_EVP01034,東京大学法学部卒業後、1993年に弁護士登録。コロンビア大学法学修士課程修了。2003年、骨董通り法律事務所For the Artsを設立。日本大学芸術学部・神戸大学大学院客員教授。著作に『著作権とは何か』『誰が「知」を独占するのか』など多数。国会図書館審議会・文化審議会などの委員を務める。【注目するニュース分野】エンタテインメント・メディア、AI・ロボット法、著作権法,,,,,,,,,
73,藤井保文,1.0,,ビービット　執行役員CCO 兼 東アジア営業責任者,https://www.nikkei.com/topics/topic_expert_EVP01065,1984年生まれ。東京大学大学院修了。上海・台北・東京を拠点に活動。国内外のUX思想を探究し、実践者として企業・政府へのアドバイザリーに取り組む。著作『アフターデジタル』シリーズは累計15万部を突破。AIやスマートシティ、メディアや文化の専門家とも意見を交わし、新しい人と社会の在り方を模索し続けている。2021年5月、UXの有識者が世界中から参加するオンラインフェス「L&UX2021（Liberty & UX Intelligence）」を開催。【注目するニュース分野】UX、DX、中国ビジネス、デジタルサービス、都市・社会デザイン、テクノロジー,,,,,,,,,
74,藤野英人,1.0,,レオス・キャピタルワークス　会長兼社長・最高投資責任者,https://www.nikkei.com/topics/topic_expert_EVP01035,国内・外資大手投資運用会社でファンドマネージャーを歴任後、2003年レオス・キャピタルワークス創業。主に日本の成長企業に投資する株式投資信託「ひふみ投信」シリーズを運用。投資啓発活動にも注力する。【注目するニュース分野】投資、証券,,,,,,,,,
75,星野佳路,1.0,,星野リゾート 代表,https://www.nikkei.com/topics/topic_expert_EVP01036,慶應義塾大学経済学部を卒業後、米国コーネル大学ホテル経営大学院にて修士号を取得。米国でのホテル開発や金融機関勤務を経て、1991年に星野温泉旅館 (現在の星野リゾート)4代目社長に就任。所有と運営を一体とする日本の観光産業において、いち早く運営特化戦略をとるビジネスモデルへ転換をはたす。【注目するニュース分野】観光、経営,,,,,,,,,
76,細谷雄一,1.0,,慶應義塾大学法学部　教授,https://www.nikkei.com/topics/topic_expert_EVP01037,立教大学法学部卒業。英国バーミンガム大学大学院国際関係学修士号取得。慶應義塾大学大学院法学研究科政治学専攻博士課程修了。博士（法学）。北海道大学専任講師などを経て、現職。安倍晋三政権において、国家安全保障局顧問会議顧問（2014年-16年）などを歴任。2020年10月からアジア・パシフィック・イニシアティブ研究主幹も兼務。【注目するニュース分野】国際政治、イギリス外交,,,,,,,,,
77,松尾博文,1.0,True,日本経済新聞社　編集委員・論説委員,https://www.nikkei.com/topics/topic_expert_EVP01068,入社以来、エネルギーや機械・プラント、商社などの業界や、経済産業省、外務省を担当。その間、テヘラン、カイロ、ドバイの3支局に駐在し、湾岸戦争やイラク戦争など中東の動乱や、油田開発、プラント建設の現場を現地で取材した。地政学や地球環境問題などのグローバルなテーマと、私たちの暮らしに欠かせないエネルギーのつながりを意識した取材を続けている。【注目するニュース分野】エネルギー問題、インフラ輸出、中東・アフリカ情勢,,,,,,,,,
78,松本裕子,2.0,True,日本経済新聞社　ESGエディター,https://www.nikkei.com/topics/topic_expert_EVP01073,2008年の入社以来、主に株式や債券などのマーケットと資産運用分野を担当してきました。投資家の語るESGだけでなく、グローバルの政策動向や企業のサステナビリティの取り組みを含めて幅広く取材し、新しい視点を提示したいと思っています。【注目するニュース分野】ESG、SDGs、株式・金融市場、資産運用,,,,,,,,,
79,南川明,1.0,,インフォーマインテリジェンス　シニアコンサルティングディレクタ,https://www.nikkei.com/topics/topic_expert_EVP01077,1982年武蔵工業大学電気工学科卒。90年以降、世界の電子機器・半導体を中心にエレクトロニクス市場の分析・予測に従事。現在はInforma TechのリサーチブランドOmdiaに所属。調査・コンサルティングの傍ら、国内外で講演、TV出演なども行う。Omdia公式アカウントで活動を発信中:https://twitter.com/Omdia_Japan【注目するニュース分野】半導体、電子機器全般（車載、PC、スマホなど）,,,,,,,,,
80,峯岸博,1.0,True,日本経済新聞社　編集委員・論説委員,https://www.nikkei.com/topics/topic_expert_EVP01038,韓国駐在6年半。北朝鮮に2回の日朝首脳会談を含め7回取材で訪問。入社以来、政治畑を歩む。著書に『日韓の断層』『韓国の憂鬱』。電子版コラム「朝鮮半島ファイル」、ニューズレター「韓国Watch」（NIKKEI Briefing）を連載中。国際・政治ニュースの舞台裏や底流を伝えたいと執筆を続けている。【注目するニュース分野】グローバル,,,,,,,,,
81,村上臣,1.0,,リンクトイン日本代表,https://www.nikkei.com/topics/topic_expert_EVP01039,2000年8月、ヤフー株式会社入社。2011年に一度退職した後、再び2012年4月からヤフーの執行役員兼CMOとして、モバイル事業の企画戦略を担当。2017年11月に6億9000万人が利用するビジネス特化型ネットワークのリンクトイン（LinkedIn）日本代表に就任。複数のスタートアップの戦略・技術顧問も務める。【注目するニュース分野】キャリア、テクノロジー,,,,,1.0,,キャリア,リンクトイン（LinkedIn） 日本代表,15398.0
82,村山恵一,1.0,True,日本経済新聞社　本社コメンテーター,https://www.nikkei.com/topics/topic_expert_EVP01040,担当分野はIT、スタートアップ。過去に情報通信・エレクトロニクス、自動車、医療、金融などの業界を担当。05～09年に米シリコンバレー支局勤務。12年編集委員。15年から論説委員を兼務。17年2月より現職。著書に『STARTUP（スタートアップ） 起業家のリアル』（日本経済新聞出版社）などがある。【注目するニュース分野】ミクロ経済・産業,,,,,,,,,
83,室橋祐貴,1.0,,日本若者協議会　代表理事,https://www.nikkei.com/topics/topic_expert_EVP01083,1988年生まれ。慶大経卒。慶大政策・メディア研究科修士課程に在学中。2015年に日本若者協議会を設立。高校生から子育て世代まで若年層の意見を各政党に伝える活動を展開中。30代以下の声を雇用・社会保障から外交政策にまで反映させることを目指す。若者の立場から民主主義の刷新を掲げるオピニオン・リーダー。【注目するニュース分野】若年雇用・社会保障、政治、教育,,,,,,,,,
84,安川新一郎,1.0,,グレートジャーニー合同会社　代表,https://www.nikkei.com/topics/topic_expert_EVP01094,マッキンゼー、ソフトバンク社長室長/執行役員、東京都顧問、大阪府市特別参与、内閣官房CIO補佐官などを歴任し、現在は投資家や著述業、コンテクスター、Well-Being for PlanetEarth財団理事も務める。【注目するニュース分野】政治、ビジネス,,,,,,,,,
85,矢野寿彦,1.0,True,日本経済新聞社　編集委員・論説委員,https://www.nikkei.com/topics/topic_expert_EVP01041,産業部、大阪経済部、整理部を経て2000年から科学技術部に在籍。主に科学技術政策や医療、原発問題を取材。福島第1原発事故やSTAP騒動の報道をデスクとして率いる。2016年から3年間、科学技術部長。2008年には東大医療政策人材養成講座を修了。【注目するニュース分野】科学技術,,,,,,,,,
86,山崎俊彦,1.0,,東京大学　大学院情報理工学系研究科 准教授,https://www.nikkei.com/topics/topic_expert_EVP01042,東京大学大学院工学系研究科電子工学専攻修了。博士（工学）。2011～2013年、米国・コーネル大学 Visiting Scientist。マルチメディア処理、パターン認識、画像認識、機械学習、最適化などの研究を行っている。【注目するニュース分野】AI、AI教育、マルチメディア,,,,,1.0,,テクノロジー,東京大学 大学院情報理工学系研究科電子情報学専攻　准教授,94902.0
87,山本由里,2.0,True,日本経済新聞社　マネー・エディター,https://www.nikkei.com/topics/topic_expert_EVP01044,証券部、テレビ東京、日経ヴェリタスなどで「お金周り」を取材・執筆。2020年1月からマネー編集センターのマネー・エディター。「1円単位の節約から1兆円単位のマーケットまで」をキャッチフレーズに幅広くカバーする。【注目するニュース分野】家計・年金,,,,,,,,,
88,チャールズ・レイク,1.0,,アフラック生命保険　代表取締役会長,https://www.nikkei.com/topics/topic_expert_EVP01066,1999年アフラック入社、日本における代表者・社長、同・会長等を歴任し、2018年から現職。日本の上場企業の社外取締役も務める他、米日経済協議会理事（2011年～13年会長・日米財界人会議米側議長）、公正取引委員会「独占禁止懇話会」会員、内閣府「対日直接投資推進会議」アドバイザー等を兼務。著書に『社外取締役の兵法 グッドガバナンスの実践』など。【注目するニュース分野】経営・コーポレートガバナンス、国際政治経済、金融資本市場,,,,,,,,,
89,渡部恒雄,1.0,,笹川平和財団　上席研究員,https://www.nikkei.com/topics/topic_expert_EVP01093,東北大学歯学部卒業後、米ニュースクール大学で政治学修士課程修了。1995年に米戦略国際問題研究所（CSIS）入所。客員研究員、主任研究員などを経て2003年より上級研究員として、日米関係、アジアの安全保障などを研究。三井物産戦略研究所、東京財団を経て現職。著書に『2021年以後の世界秩序―国際情勢を読む20のアングル』（新潮新書）など。【注目するニュース分野】米国の政治・外交、日米中関係、アジアの安全保障,,,,,,,,,
90,磯野真穂,,,,,,2.0,,人類学者（文化人類学・医療人類学）,人類学者。専門は文化人類学・医療人類学。博士（文学）。国際医療福祉大学大学院准教授を経て2020年より独立。身体と社会の繋がりを考えるメディア「からだのシューレ」にてワークショップ、読書会など、新しい学びの可能性を探るメディアFILTRにて人類学のオンライン講座を開講。著書に『なぜふつうに食べられないのか――拒食と過食の文化人類学』（春秋社）、『医療者が語る答えなき世界――「いのちの守り人」の人類学』（ちくま新書）、『ダイエット幻想――やせること、愛されること』（ちくまプリマ―新書）、宮野真生子との共著に『急に具合が悪くなる』（晶文社）などがある。,,,,,
91,犬山紙子,,,,,,2.0,,エッセイスト,仙台のファッションカルチャー誌の編集者を経て、家庭の事情で退職し上京。母を介護しながら東京で6年間のニート生活を送ることに。そこで出会った女友達の恋愛模様をイラストとエッセイで書き始め、マガジンハウスからブログ本を出版しデビュー。現在はTV、ラジオ、雑誌、Webなどで活動中。2014年に結婚、2017年に第一子となる長女を出産してから、児童虐待問題に声を上げるタレントチーム「こどものいのちはこどものもの」の立ち上げ、社会的養護を必要とするこどもたちへのクラウドファンディング「こどもギフト」メンバーとしても活動中。その反面、ゲーム・ボードゲーム・漫画など2次元コンテンツをこよなく愛するオタク。,,,,,
92,今村久美,,,,,,2.0,,認定NPO法人カタリバ 代表理事,慶應義塾大学卒。2001年にNPOカタリバを設立し、高校生のためのキャリア学習プログラム「カタリ場」を開始。2011年の東日本大震災以降は子どもたちに学びの場と居場所を提供、2020年には、経済的事情を抱える家庭にPCとWi-Fiを無償貸与し学習支援を行う「キッカケプログラム」を開始するなど、社会の変化に応じてさまざまな教育活動に取り組む。ハタチ基金代表理事。地域・教育魅力化プラットフォーム理事。文部科学省中央教育審議会委員。経済産業省 産業構造審議会臨時委員。,,,,,
93,内田良,,,,,,1.0,,名古屋大学准教授・教育社会学,専門は教育社会学。博士（教育学）。学校の中で子どもや教師が出合うさまざまなリスクについて、調査研究ならびに啓発活動を行っている。著書に『学校ハラスメント』（朝日新書）、『ブラック部活動』（東洋館出版社）、『教育という病』（光文社新書）、『教師のブラック残業』（学陽書房、共編著）など。ヤフーオーサーアワード2015受賞。名古屋大学大学院教育発達科学研究科博士課程を単位取得満期退学。日本学術振興会・特別研究員（PD）、愛知教育大学・講師を経て、2011年度より現職。,,,,,
94,遠藤乾,,,,,,1.0,,北海道大学公共政策大学院教授,1966年生まれ。北海道大学法学部卒、同大学大学院法学研究科修士課程修了。ベルギー・カトリック・ルーヴァン大学大学院修士課程、オックスフォード大学博士課程修了。現在、欧州大学院大学特任教授も務める。専門は国際政治、EU、安全保障。著書に『欧州複合危機－苦悶するEU、揺れる世界』（中公新書）のほか、『統合の終焉―EUの実像と論理』（岩波書店）があり、読売・吉野作造賞を受賞。編著に『グローバル・ガバナンスの歴史と思想』（有斐閣）、『主権はいま』（筑摩書房）など。『シリーズ日本の安全保障』（岩波書店）の編者。朝日新聞論壇委員のほか、外務省政策評価委員などを歴任。,1.0,,国際,北海道大学法学部・公共政策大学院教授（政治学、国際政治）,5360.0
95,おおたとしまさ,,,,,,1.0,,教育ジャーナリスト,リクルートでの雑誌編集を経て独立。数々の育児誌・教育誌の編集・執筆に係わる。中高教員免許をもち、小学校教員や心理カウンセラーとしての経験もある。現在は全国紙から女性誌、Webまで幅広い分野の媒体での連載やコラムを執筆し、テレビやラジオにもレギュラー出演中。著書は『中学受験「必笑法」』『受験と進学の新常識』『ルポ塾歴社会』など60冊以上。,,,,,
96,蟹江憲史,,,,,,1.0,,慶應義塾大学大学院教授,慶應義塾大学SFC研究所xSDG・ラボ代表、国連大学サステイナビリティ高等研究所(UNU-IAS)非常勤教授などを兼任。日本政府SDGs推進本部円卓会議構成員、内閣府地方創生推進事務局自治体SDGs推進のための有識者会議委員、Earth Commission委員などを務め、国際的、国内的にSDGsや環境問題を中心に活躍中。2023年Global Sustainable Development Report執筆の15人の独立科学者の一人に選出されている。専門は国際関係論、サステナビリティ学、地球システム・ガバナンス。主な近著に「SDGs（持続可能な開発目標）」（中央公論新社、2020）がある。,,,,,
97,菊間千乃,,,,,,2.0,,弁護士,早稲田大学法学部卒業。1995年、フジテレビ入社。アナウンサーとしてバラエティーや情報・スポーツなど数多くの番組を担当。2005年、大宮法科大学院大学（夜間主）入学。2007年、フジテレビ退社。2011年、弁護士登録（第二東京弁護士会所属）。2019年、早稲田大学大学院法学研究科先端法学専攻知的財産法ＬＬ．Ｍ．コース修了。現在は、弁護士として紛争解決、一般企業法務、コーポレートガバナンス等の分野を中心に幅広く手がける一方、テレビのコメンテーターとしても活躍している。弁護士法人松尾綜合法律事務所所属。,,,,,
98,木村草太,,,,,,1.0,,憲法学者・東京都立大学教授,1980年、横浜生まれ。2003年、東京大学法学部卒業。同年、同大学法学政治学研究科助手を経て、2006年より首都大学東京（現東京都立大学）准教授。2016年より現職。専攻は、憲法学。朝日新聞論壇委員等を歴任。主な著書に『平等なき平等条項論』（東京大学出版会）、『憲法の急所（第2版）』（羽鳥書店）、『ほとんど憲法』（河出書房新社）、『憲法学者の思考法』（青土社）など。,,,,,
99,ロバート キャンベル,,,,,,1.0,,早稲田大学特命教授,米ニューヨーク市出身。日本文学研究者。2017年3月東京大学大学院総合文化研究科教授を辞し、同４月に国文学研究資料館館長就任。2021年4月から現職。専門は江戸・明治時代の文学、特に江戸中期から明治の漢文学であり、芸術、思想などに関する研究を行う。テレビで MCやニュース・コメンテーターなどをつとめる一方、新聞雑誌連載、書評、ラジオ番組出演など、2021年４月からはYouTubeで自身のチャンネル「キャンベルの四の五のYOUチャンネル」を開設した。,,,,,
100,倉田明子,,,,,,2.0,,東京外国語大学総合国際学研究院准教授,1976年、埼玉県飯能市生まれ。東京外国語大学総合国際学研究院准教授。東京大学教養学部教養学科卒、同大学大学院総合文化研究科地域文化研究専攻博士課程修了、博士（学術）。学生時代に北京で1年、香港で3年を過ごす。愛猫家。専門は中国近代史（太平天国史、プロテスタント史、香港・華南地域研究）。,,,,,
101,小室淑恵,,,,,,2.0,,株式会社ワーク・ライフバランス社長,残業を減らし業績を上げる「働き方改革コンサルティング」を1千社以上へ導入。年200回の講演依頼。産業競争力会議民間議員、経産省産業構造審議会、文科省中央教育審議会などの委員を歴任。著書『働き方改革』（毎日新聞出版）、『6時に帰るチーム術』（日本能率協会マネジメントセンター）、『男性の育休』(PHP新書)など34冊。多様な事情を抱えるチームで業績をあげるゲーム型研修『ライフ・スイッチ』が好評。「ワーク・ライフバランスコンサルタント養成講座」を主宰し卒業生は2千人。朝メールドットコム（R）、カエル会議オンライン、介護と仕事の両立ナビ、育児と仕事の調和プログラム「アルモ」などのWEBサービスを開発。2児の母。,,,,,
102,佐藤優,,,,,,1.0,,作家・元外務省主任分析官,1960年、東京都生まれ、同志社大学神学部卒、同志社大学大学院神学研究科修了（神学修士）。1985年に外務省入省。英国の陸軍語学学校でロシア語を学び、その後、モスクワの日本国大使館、東京の外務省国際情報局に勤務。2002年5月に鈴木宗男事件に連座し、東京地検特捜部に逮捕、起訴され、無罪主張をし、争うも2009年6月に執行猶予付き有罪確定。2013年6月に執行猶予期間を満了し、刑の言い渡しが効力を失った。『国家の罠』『自壊する帝国』『交渉術』などの作品がある。,,,,,
103,佐橋亮,,,,,,1.0,,東京大学東洋文化研究所准教授,国際基督教大学卒。東京大学大学院博士課程修了、博士（法学）。イリノイ大学、オーストラリア国立大学留学、神奈川大学教授を経て2019年から現職。外務省・科学技術外交推進会議委員。スタンフォード大学客員准教授などを歴任し、現在は日本国際交流センター客員研究員、経済産業研究所ファカルティフェローなどを兼ねる。専攻は国際政治学、とくに米中関係、東アジアの国際関係。著書に『米中対立　アメリカの戦略転換と分断される世界』（中央公論新社、近刊）、『共存の模索　アメリカと「2つの中国」の冷戦史』（勁草書房）、編著書に『冷戦後の東アジア秩序』（勁草書房）など。,,,,,
104,神内聡,,,,,,1.0,,弁護士（スクールロイヤー）・高校教師,本郷さくら総合法律事務所弁護士・兵庫教育大学大学院准教授。日本で初めて法曹資格を持つ教師として私立中高一貫校で勤務し（現在は非常勤）、2020年より弁護士で初めて教職大学院の教員に就任、学校での外部人材の効果検証や法教育などを研究している。また、教師の経験を活かし、学校現場に詳しい弁護士として様々なスクールロイヤー活動を行っている。専門は教育法・学校経営。高校では現代社会を担当。東京大学法学部卒業・同大学院教育学研究科修了。専修免許保有。著書に『学校弁護士　スクールロイヤーが見た教育現場』（角川新書）、『スクールロイヤー　学校現場の事例で学ぶ教育紛争実務Q&A170』（日本加除出版）など。,,,,,
105,千正康裕,,,,,,1.0,,株式会社千正組代表・元厚労省官僚,1975年生まれ。慶應大学法学部卒。2001年、厚生労働省入省。医療、年金、子育て、働き方、女性活躍などの分野で8本の法律の立案に携わる。秘書官や大使館勤務も経験。医療政策企画官として医師の働き方改革を担当した後、2019年9月末に退職。2020年1月に株式会社千正組設立。企業、民間団体のコンサルティングにより、政策と現場の橋渡しに取り組むほか、政策などを一般の人に伝えるためメディア出演などをしている。内閣府や環境省の有識者会議委員も務める。著書に霞が関の働き方改革を訴える「ブラック霞が関」。自身のツイッターやNoteでも発信している。,,,,,
106,田中俊之,,,,,,1.0,,社会学・男性学研究者,"1975年、東京都生まれ。大正大学心理社会学部准教授。「日本では""男""であることと""働く""こととの結びつきがあまりにも強すぎる」と警鐘を鳴らす。著書『男性学の新展開』（青弓社）、『男がつらいよ―絶望の時代の希望の男性学』（KADOKAWA）、『〈40男〉はなぜ嫌われるか』（イースト新書）、『男が働かない、いいじゃないか！』（講談社＋α新書）、小島慶子×田中俊之『不自由な男たち――その生きづらさは、どこから来るのか』（祥伝社新書）など。内閣府男女共同参画推進連携会議有識者議員、渋谷区男女平等・多様性社会推進会議委員、プラチナ構想ネットワーク特別会員。",,,,,
107,津田大介,,,,,,1.0,,ジャーナリスト,1973年生まれ。東京都出身。早稲田大学社会科学部卒。ポリタス編集長／ポリタスTVキャスター。メディアとジャーナリズム、テクノロジーと社会、表現の自由とネット上の人権侵害、地域課題解決と行政の文化事業、著作権とコンテンツビジネスなどを専門分野として執筆・取材活動を行う。主な著書に『情報戦争を生き抜く』（朝日新書）、『ウェブで政治を動かす！』（朝日新書）、『動員の革命』（中公新書ラクレ）、『情報の呼吸法』（朝日出版社）、『Twitter社会論』（洋泉社新書）ほか。,,,,,
108,中野円佳,,,,,,2.0,,ジャーナリスト,ジャーナリスト・東京大学大学院教育学研究科博士課程。2007年に東京大学教育学部を卒業後、日本経済新聞社に入社。大企業の財務や経営、厚生労働政策を取材。立命館大学大学院先端総合学術研究科で修士号取得、2015年4月よりフリージャーナリスト。厚労省「働き方の未来2035懇談会」、経産省「競争戦略としてのダイバーシティ経営の在り方に関する検討会」「雇用関係によらない働き方に関する研究会」委員を歴任。著書に『「育休世代」のジレンマ～女性活用はなぜ失敗するのか？』、『上司の「いじり」が許せない』、『なぜ共働きも専業もしんどいのか～主婦がいないと回らない構造』。2017年よりシンガポール在住。,2.0,,社会,ジャーナリスト／教育社会学,15645.0
109,常見陽平,,,,,,1.0,,千葉商科大学准教授・働き方評論家,北海道札幌市出身。一橋大学商学部卒業、同大学大学院社会学研究科修士課程修了（社会学修士）。リクルート、バンダイ、ベンチャー企業、フリーランス活動を経て2015年4月より千葉商科大学国際教養学部専任講師（現在は准教授）。専攻は労働社会学。会社員、フリーランス経験を活かし、多様な視点から働き方事情、大学生の就職活動などを中心に、執筆・講演など幅広く活動中。『僕たちは育児のモヤモヤをもっと語っていいと思う』（自由国民社）、『なぜ、残業はなくならないのか』（祥伝社新書）、『僕たちはガンダムのジムである』（日本経済新聞社）、『「就活」と日本社会』（NHK出版）など著書多数。,,,,,
110,露木志奈,,,,,,2.0,,環境活動家,"2001年、横浜生まれ、中華街育ち。15歳まで日本の公立学校に通い、高校3年間を「世界一エコな学校」と言われるインドネシアの「Green School Bali」で過ごし、2019年6月に卒業。2018年にCOP24（気候変動枠組条約締約国会議）in Poland、2019年にCOP25 in Spainに参加。肌が弱かった妹のために口紅を開発し、Shiina Cosmeticsを立ち上げる。
      2019年9月、慶應義塾大学環境情報学部に入学。現在は、気候変動についての講演会を全国の中学生・高校生に行うため、休学中。",,,,,
111,長島美紀,,,,,,2.0,,SDGs市民社会ネットワーク 理事,政治学博士。早稲田大学大学院で先進国の難民受け入れ政策を研究する傍ら難民支援を行う国際機関やNPO法人にインターン／リサーチャーとして関わる。その後アフリカに関するキャンペーン活動や様々なNGOや財団の運営、政策提言活動、キャンペーン事業に従事してきた。一般社団法人SDGs市民社会ネットワークでは、普及啓発事業を担当し団体広報やイベント企画「サステナブル・ストーリー・プロジェクト」など運営。著書に「FGM(女性性器損傷)とジェンダーに基づく迫害概念をめぐる諸課題―フェミニズム国際法の視点からの一考察」（早稲田大学出版部）。,,,,,
112,長野智子,,,,,,2.0,,キャスター・ジャーナリスト,米ニュージャージー州生まれ。1985年上智大学外国語学部英語学科卒業後、アナウンサーとしてフジテレビに入社。その後フリーに。99年ニューヨーク大学大学院修士課程を修了。2000年「ザ・スクープ」（テレビ朝日系）のキャスターに抜擢され帰国。「朝まで生テレビ！」「報道ステーション」「サンデーステーション」のキャスターなどを経て、現在は自らも国内外の現場へ取材に出る傍ら、国連UNHCR協会の報道ディレクターを務める。,,,,,
113,プチ鹿島,,,,,,1.0,,時事芸人,1970年生まれ。長野県出身。芸人、コラムニスト。新聞14紙を読み比べ、スポーツ、文化、政治と幅広いジャンルからニュースを読み解く。『東京ポッド許可局』（TBSラジオ）、『キックス』（YBSラジオ）出演中。著書『芸人式新聞の読み方』（幻冬舎）『教養としてのプロレス』（双葉新書）など。,,,,,
114,三牧聖子,,,,,,2.0,,高崎経済大学経済学部国際学科准教授,アメリカ政治外交、政治思想研究。東京大学教養学部卒、同大大学院総合文化研究科で博士号取得（学術）。米国イェール大学研究員、日本学術振興会特別研究員、早稲田大学助手、米国ハーバード大学、ジョンズホプキンズ大学研究員、関西外国語大学助教などを経て2017年より現職。主著に『戦争違法化運動の時代－「危機の20年」のアメリカ国際関係思想』（名古屋大学出版会）など。近著に、共訳・解説『リベラリズムー失われた歴史と現在』（ヘレナ・ローゼンブラット著、青土社）。,,,,,
115,李炯植,,,,,,1.0,,ラーニング・フォー・オール代表理事,"特定非営利活動法人Learning for All 代表理事。1990年、兵庫県生まれ。東京大学教育学部卒業。東京大学大学院教育学研究科修了。2014年に特定非営利活動法人Learning for All を設立、同法人代表理事に就任。これまでにのべ9,500人以上の困難を抱えた子どもへの無償の学習支援や居場所支援を行っている。全国子どもの貧困・教育支援団体協議会理事。2018年「Forbes JAPAN 30 under 30」に選出。",,,,,
116,秋山訓子,,,,,,2.0,True,編集委員（政治、ＮＰＯ）,,,,,,
117,石合力,,,,,,1.0,True,編集局長補佐（国際、中東）,,,,,,
118,伊藤大地,,,,,,1.0,True,朝日新聞デジタル編集長,,,,,,
119,稲垣康介,,,,,,1.0,True,編集委員（スポーツ）,,,,,,
120,鵜飼啓,,,,,,1.0,True,オピニオン編集長代理（国際）,,,,,,
121,氏岡真弓,,,,,,2.0,True,編集委員（教育、子ども）,,,,,,
122,江渕崇,,,,,,1.0,True,記者（米経済、金融、雇用）,,,,,,
123,大久保真紀,,,,,,2.0,True,編集委員（子ども虐待など）,,,,,,
124,岡本峰子,,,,,,2.0,True,編集局長補佐（多様性と社会）,,,,,,
125,奥山晶二郎,,,,,,1.0,True,withnews編集長,,,,,,
126,栗林史子,,,,,,2.0,True,記者（ダイバーシティ、企業）,,,,,,
127,郷富佐子,,,,,,2.0,True,論説委員（国際、ジェンダー）,,,,,,
128,駒木明義,,,,,,1.0,True,論説委員（ロシア、国際関係）,,,,,,
129,佐藤武嗣,,,,,,1.0,True,編集委員（外交、安全保障）,,,,,,
130,澤路毅彦,,,,,,1.0,True,編集委員（労働）,,,,,,
131,沢村亙,,,,,,1.0,True,論説委員（国際政治、歴史）,,,,,,
132,志村亮,,,,,,1.0,True,東京経済部次長（企業、労働）,,,,,,
133,諏訪和仁,,,,,,1.0,True,京都総局記者（働き方、経済）,,,,,,
134,田幸香純,,,,,,2.0,True,記者（小売り、外食、食品）,,,,,,
135,田渕紫織,,,,,,2.0,True,ハグスタ編集長（子育て）,,,,,,
136,中小路徹,,,,,,1.0,True,編集委員（スポーツ、社会）,,,,,,
137,箱田哲也,,,,,,1.0,True,論説委員（朝鮮半島担当）,,,,,,
138,福田直之,,,,,,1.0,True,記者（産業、テック、中国）,,,,,,
139,古谷浩一,,,,,,1.0,True,論説委員（中国政治、日中）,,,,,,
140,北郷美由紀,,,,,,2.0,True,編集委員（ＳＤＧｓ）,,,,,,
141,前田直人,,,,,,1.0,True,コンテンツ戦略ディレクター,,1.0,,政治・行政,朝日新聞社 コンテンツ戦略ディレクター(編集担当補佐),26745.0
142,増谷文生,,,,,,1.0,True,論説委員（教育）,,,,,,
143,宮坂麻子,,,,,,2.0,True,編集委員（教育）,,,,,,
144,山下剛,,,,,,1.0,True,記者（医療的ケア児、子育て）,,,,,,
145,吉岡桂子,,,,,,2.0,True,編集委員（中国など国際関係）,,,,,,
146,工藤郁子,,,,,,,,,,2.0,,7月のプロピッカー,大阪大学社会技術共創研究センター 招聘教員,292.0
147,前田瑶介,,,,,,,,,,1.0,,7月のプロピッカー,WOTA 代表取締役CEO,84.0
148,今井紀明,,,,,,,,,,1.0,,7月のプロピッカー,認定NPO法人D×P 理事長,2677.0
149,熊平美香,,,,,,,,,,2.0,,7月のプロピッカー,21世紀学び研究所 / 昭和女子大学キャリアカレッジ 代表理事/学院長,208.0
150,岡玄樹,,,,,,,,,,1.0,,7月のプロピッカー,レッドハット株式会社 代表取締役社長,1705.0
151,岩嵜博論,,,,,,,,,,1.0,,7月のプロピッカー,武蔵野美術大学 クリエイティブイノベーション学科 教授,108.0
152,眞々部貴之,,,,,,,,,,1.0,,7月のプロピッカー,S&P グローバル Sustainable1 シニアESGビジネスデベロップメントマネージャー,99.0
153,田口一成,,,,,,,,,,1.0,,7月のプロピッカー,株式会社ボーダレス・ジャパン 代表取締役社長,211.0
154,カンハンナ,,,,,,,,,,2.0,,社会,国際社会文化学者/ タレント(ホリプロ所属)/ 株式会社BeautyThinker CEO,14905.0
155,氏家夏彦,,,,,,,,,,1.0,,社会,メディア・コンサルタント フリーランス,57802.0
156,福田拓哉,,,,,,,,,,1.0,,社会,九州産業大学・VOREAS北海道,6960.0
157,瀬地山角,,,,,,,,,,1.0,,社会,東京大学　総合文化研究科 教授,3106.0
158,加藤史子,,,,,,,,,,2.0,,社会,WAmazing株式会社 代表取締役社長：経営者,73271.0
159,岡部恭英,,,,,,,,,,1.0,,社会,TEAMマーケティング (UEFAチャンピオンズリーグ) ヘッド・オブ・アジアパシフィックセールス,40060.0
160,碓氷早矢手,,,,,,,,,,1.0,,社会,講談社 第二事業戦略部 部長,40115.0
161,小川一,,,,,,,,,,1.0,,社会,毎日新聞 客員編集委員,140514.0
162,豊田啓介,,,,,,,,,,1.0,,社会,建築家、noizパートナー、gluonパートナー、東京大学生産技術研究所客員教授,3276.0
163,星野貴彦,,,,,,,,,,1.0,,社会,プレジデントオンライン 編集長,19029.0
164,白河桃子,,,,,,,,,,2.0,,社会,相模女子大学特任教授　新刊「働かないおじさんが御社をダメにする」,21451.0
165,乙武洋匡,,,,,,,,,,1.0,,社会,作家,69243.0
166,酒井崇匡,,,,,,,,,,1.0,,社会,博報堂生活総合研究所 上席研究員,20422.0
167,今井明子,,,,,,,,,,2.0,,社会,サイエンスライター・気象予報士,6480.0
168,干場弓子,,,,,,,,,,2.0,,社会,ディスカヴァー・トゥエンティワン 共同創業者,10413.0
169,藤井勇人,,,,,,,,,,1.0,,社会,在ブラジル建築プロデューサー／隈研吾建築都市設計事務所ブラジル担当室長,734.0
170,柳瀬博一,,,,,,,,,,1.0,,社会,東京工業大学 リベラルアーツ研究教育院　教授,1307.0
171,齊藤三希子,,,,,,,,,,2.0,,社会,ルール形成戦略研究所（EY Japan シニアマネージャー） 客員研究員,18617.0
172,高橋義仁,,,,,,,,,,1.0,,社会,専修大学 商学部教授,13468.0
173,重松健,,,,,,,,,,1.0,,社会,Laguarda.Low Architects 共同代表,3647.0
174,堀内隆,,,,,,,,,,1.0,,社会,GLOBE+ 編集長,29381.0
175,千葉知世,,,,,,,,,,2.0,,社会,大阪府立大学  准教授,6735.0
176,青木真也,,,,,,,,,,1.0,,社会,"格闘技選手 ONEFC , DREAM , 修斗チャンピオン",52941.0
177,松田崇裕,,,,,,,,,,1.0,,社会,TBSテレビ 報道局 社会部長 兼 解説・専門記者室,21903.0
178,里崎慎,,,,,,,,,,1.0,,社会,デロイトトーマツFA スポーツビジネスグループ Senior Vice President,15095.0
179,中野香織,,,,,,,,,,2.0,,社会,"Kaori Nakano Co.,Ltd.",3586.0
180,小島圭市,,,,,,,,,,1.0,,社会,C3.Japan 合同会社 代表,45067.0
181,下山進,,,,,,,,,,1.0,,社会,ノンフィクション作家,2819.0
182,西山誠慈,,,,,,,,,,1.0,,社会,ウォール・ストリート・ジャーナル日本版 編集長,13919.0
183,小野坂優子,,,,,,,,,,2.0,,社会,スタヴァンゲル大学 教授,4406.0
184,中村伊知哉,,,,,,,,,,1.0,,社会,iU（情報経営イノベーション専門職大学） 学長,105437.0
185,増島雅和,,,,,,,,,,1.0,,社会,森・濱田松本法律事務所 パートナー弁護士,7843.0
186,松田悠介,,,,,,,,,,1.0,,社会,"Crimson Global Academy 日本代表, 文部科学省中央教育審議会 委員",6215.0
187,渡部カンコロンゴ清花,,,,,,,,,,2.0,,社会,NPO法人WELgee 代表理事,722.0
188,工藤里紗,,,,,,,,,,2.0,,社会,テレビ東京 演出・プロデューサー,32164.0
189,宮嶋巌,,,,,,,,,,1.0,,社会,月刊FACTA 発行人,37104.0
190,平野啓一郎,,,,,,,,,,1.0,,社会,小説家,19633.0
191,岡田優介,,,,,,,,,,1.0,,社会,TOKYO DIME バスケ選手/会計士,9565.0
192,松沢優希,,,,,,,,,,2.0,,社会,NTTデータ経営研究所 社会・環境戦略コンサルティングユニット　マネージャー,8093.0
193,鎌倉夏来,,,,,,,,,,2.0,,社会,東京大学 総合文化研究科 准教授,977.0
194,松本明日香,,,,,,,,,,2.0,,国際,同志社大学政策学部助教 米政治外交研究者,400.0
195,AmanoKenya,,,,,,,,,,1.0,,国際,ワシントン大学政治学部 ワシントン大学政治学部博士課程在籍,34454.0
196,小谷賢,,,,,,,,,,1.0,,国際,日本大学　危機管理学部 教授,21252.0
197,梅本優香里,,,,,,,,,,2.0,,国際,アフリカビジネスパートナーズ,34140.0
198,塩崎悠輝,,,,,,,,,,1.0,,国際,静岡県立大学国際関係学部 准教授,94373.0
199,武貞秀士,,,,,,,,,,1.0,,国際,拓殖大学大学院 客員教授,45216.0
200,薬師院仁志,,,,,,,,,,1.0,,国際,帝塚山学院大学 教授,21848.0
201,小原凡司,,,,,,,,,,1.0,,国際,笹川平和財団 上席研究員,29300.0
202,川端隆史,,,,,,,,,,1.0,,国際,Kroll Associates Singapore Senior Vice President,97301.0
203,小泉悠,,,,,,,,,,1.0,,国際,東京大学  先端科学技術研究センター 特任助教,13129.0
204,八田浩輔,,,,,,,,,,1.0,,国際,毎日新聞 外信部記者,5108.0
205,前嶋和弘,,,,,,,,,,1.0,,国際,上智大学 総合グローバル学部教授（現代アメリカ政治外交）,22853.0
206,大山敬義,,,,,,,,,,1.0,,国際,株式会社バトンズ  CEO /暦オタ・ガジェオタ・ミリオタ・時々謎のPro Picer,404327.0
207,細川昌彦,,,,,,,,,,1.0,,国際,明星大学 経営学部教授,11748.0
208,相良祥之,,,,,,,,,,1.0,,政治・行政,API 主任研究員,4379.0
209,田原総一朗,,,,,,,,,,1.0,,政治・行政,ジャーナリスト,30760.0
210,片山大介,,,,,,,,,,1.0,,政治・行政,日本維新の会 参議院議員 兵庫県選挙区選出,22234.0
211,米重克洋,,,,,,,,,,1.0,,政治・行政,JX通信社 代表取締役,11632.0
212,音喜多駿,,,,,,,,,,1.0,,政治・行政,参議院議員（東京都選出） ブロガー,57885.0
213,荒井太一,,,,,,,,,,1.0,,政治・行政,森・濱田松本法律事務所 パートナー  弁護士,4236.0
214,猪瀬直樹,,,,,,,,,,1.0,,政治・行政,作家、元東京都知事,90462.0
215,徐東輝(とんふぃ),,,,,,,,,,1.0,,政治・行政,弁護士（スマートニュース株式会社/法律事務所ZeLo//Mielka）,78700.0
216,山田桂一郎,,,,,,,,,,1.0,,政治・行政,JTIC.SWISS 代表,11719.0
217,木下斉,,,,,,,,,,1.0,,政治・行政,一般社団法人エリア・イノベーション・アライアンス 代表理事,9006.0
218,階猛,,,,,,,,,,1.0,,政治・行政,衆議院議員,3878.0
219,福田峰之,,,,,,,,,,1.0,,政治・行政,前衆議院議員・多摩大学ルール形成戦略研究所客員教授,7582.0
220,崔真淑,,,,,,,,,,1.0,,経済,エコノミスト/一橋大学院博士課程在籍 『30年分の経済ニュースが1時間で学べる』(大和書房),61062.0
221,KatoJun,,,,,,,,,,1.0,True,経済,ユーザベース SPEEDAアナリスト,538387.0
222,村上由美子,,,,,,,,,,2.0,,経済,MPower Partners General Partner,13819.0
223,赤井厚雄,,,,,,,,,,1.0,,経済,株式会社ナウキャスト 取締役会長,70862.0
224,椎名則夫,,,,,,,,,,1.0,,経済,証券アナリスト,112882.0
225,山岡浩巳,,,,,,,,,,1.0,,経済,フューチャー株式会社 取締役・フューチャー経済金融所長,2029.0
226,伊井哲朗,,,,,,,,,,1.0,,経済,コモンズ投信株式会社 代表取締役社長兼CIO,13368.0
227,山崎元,,,,,,,,,,1.0,,経済,経済評論家,47214.0
228,奥野一成,,,,,,,,,,1.0,,経済,「おおぶね」ファンドマネージャー ｜農林中金バリューインベストメンツ最高投資責任者,7023.0
229,高口康太,,,,,,,,,,1.0,,経済,ジャーナリスト,11654.0
230,西村友作,,,,,,,,,,1.0,,経済,中国 対外経済貿易大学 国際経済研究院 教授,28935.0
231,土居丈朗,,,,,,,,,,1.0,,経済,慶應義塾大学 経済学部教授,17116.0
232,永濱利廣,,,,,,,,,,1.0,,経済,第一生命経済研究所 首席エコノミスト,342562.0
233,土田陽介,,,,,,,,,,1.0,,経済,三菱ＵＦＪリサーチ＆コンサルティング株式会社 副主任研究員,31273.0
234,大竹文雄,,,,,,,,,,1.0,,経済,大阪大学 経済学研究科 教授,27474.0
235,唐鎌大輔,,,,,,,,,,1.0,,経済,株式会社みずほ銀行 チーフマーケット・エコノミスト,143142.0
236,枩村秀樹,,,,,,,,,,1.0,,経済,日本総合研究所 調査部長,94838.0
237,辛坊正記,,,,,,,,,,1.0,,経済,経済評論家,159927.0
238,松野豊,,,,,,,,,,1.0,,経済,日中産業研究院（東京＆北京） 代表取締役,13552.0
239,中村岳嗣,,,,,,,,,,1.0,,マネー,スタイリィ社長 / プロプロ チーフアーキテクト（投資判断支援SaaS）,1059.0
240,林田修一,,,,,,,,,,1.0,,マネー,世界銀行グループ MIGA 駐日代表 兼 東南アジア副代表,38430.0
241,DJNobby,,,,,,,,,,1.0,,マネー,経済ニュースパーソナリティ,13560.0
242,長谷川建一,,,,,,,,,,1.0,,マネー,公式サイト https://hasekenhk.com/　(国際金融ストラテジスト),4128.0
243,青山朝子,,,,,,,,,,2.0,,マネー,日本電気株式会社 グローバルファイナンス本部長,939.0
244,高岡美緒,,,,,,,,,,2.0,,マネー,セプテーニホールディングス、カヤック 社外取締役,2123.0
245,井上哲也,,,,,,,,,,1.0,,マネー,野村総合研究所 金融イノベーション研究部　主席研究員,4163.0
246,砂田憲治,,,,,,,,,,1.0,,マネー,"KabuK Style Inc. Co-CEO, Founder",14487.0
247,清明祐子,,,,,,,,,,2.0,,マネー,マネックス証券 代表取締役社長,11991.0
248,岡村聡,,,,,,,,,,1.0,,マネー,S&S investments 代表取締役,196033.0
249,吉田大助,,,,,,,,,,1.0,,マネー,日本協創投資株式会社 代表取締役社長,4126.0
250,野﨑浩成,,,,,,,,,,1.0,,マネー,東洋大学 教授,69490.0
251,佐藤元則,,,,,,,,,,1.0,,マネー,NCB Lab. 代表,64310.0
252,鈴木秀和,,,,,,,,,,1.0,,マネー,(株)アトラエ 取締役CFO,13061.0
253,原田洸,,,,,,,,,,1.0,,ヘルスケア,総合内科医・医学博士,32873.0
254,奥山輝大,,,,,,,,,,1.0,,ヘルスケア,脳神経科学研究者,2205.0
255,山田悠史,,,,,,,,,,1.0,,ヘルスケア,マウントサイナイ大学病院 米国内科専門医,233193.0
256,宋美玄,,,,,,,,,,2.0,,ヘルスケア,丸の内の森レディースクリニック 産婦人科医、医学博士,7967.0
257,市川衛,,,,,,,,,,1.0,,ヘルスケア,医療ジャーナリスト,2916.0
258,松木隆志,,,,,,,,,,1.0,,ヘルスケア,マウントサイナイ医科大学 精神科 助教授,2615.0
259,稲葉可奈子,,,,,,,,,,2.0,,ヘルスケア,産婦人科専門医・医学博士,69407.0
260,中村豊,,,,,,,,,,1.0,,ヘルスケア,NP アスリートの専門家,9603.0
261,井上一鷹,,,,,,,,,,1.0,,ヘルスケア,JINS Think Lab JINS執行役員　株式会社Think Lab 取締役,12626.0
262,平井孝幸,,,,,,,,,,1.0,,ヘルスケア,DeNA/ 東京大学医学部附属病院 22世紀医療センター,9807.0
263,堀向健太,,,,,,,,,,1.0,,ヘルスケア,東京慈恵会医科大学葛飾医療センター 小児科医・アレルギー科医・医学博士,15593.0
264,清水和夫,,,,,,,,,,1.0,,ビジネス,Automobile Jurnalist http://www.startyourengines.net/,14884.0
265,松永エリック・匡史,,,,,,,,,,1.0,,ビジネス,青山学院大学 教授 アバナード株式会社 デジタル最高顧問,18023.0
266,宇田川元一,,,,,,,,,,1.0,,ビジネス,埼玉大学経済経営系大学院 准教授,11944.0
267,寺田修輔,,,,,,,,,,1.0,,ビジネス,株式会社ミダスキャピタル 取締役パートナー,1607.0
268,奥谷孝司,,,,,,,,,,1.0,,ビジネス,オイシックス・ラ・大地株式会社・株式会社顧客時間 執行役員 Chief Omni-Channel Officer/ PhD Student  / 共同CEO 取締役,21821.0
269,倉田浩美,,,,,,,,,,2.0,,ビジネス,ザボディショップジャパン株式会社 代表取締役社長,4292.0
270,神領貢,,,,,,,,,,1.0,,ビジネス,ニューモデルマガジンＸ 編集長,51427.0
271,里見陵,,,,,,,,,,1.0,,ビジネス,UCCホールディングス 執行役員CSO,2160.0
272,八田浩,,,,,,,,,,1.0,,ビジネス,株式会社ロケットメイカーズ 代表取締役社長,148879.0
273,木川瑞季,,,,,,,,,,2.0,,ビジネス,オアシスティーラウンジ 代表取締役,1625.0
274,山邊昌太郎,,,,,,,,,,1.0,,ビジネス,一社）広島県観光連盟（HIT） チーフプロデューサー　兼　常務理事事業本部長,5203.0
275,濱村百合,,,,,,,,,,2.0,,ビジネス,Climate / ex-PE & FSA,5022.0
276,堀部太一,,,,,,,,,,1.0,,ビジネス,株式会社TPL 代表取締役,121973.0
277,田中道昭,,,,,,,,,,1.0,,ビジネス,立教大学ビジネススクール 教授,22692.0
278,佐藤俊介,,,,,,,,,,1.0,,ビジネス,CEOセオ 連続起業家兼アーティスト,21630.0
279,山手剛人,,,,,,,,,,1.0,,ビジネス,フロンティア・マネジメント株式会社 産業調査部 シニアアナリスト,189529.0
280,加藤清司,,,,,,,,,,1.0,,ビジネス,株式会社イスラテック 代表取締役社長,340.0
281,松下久美,,,,,,,,,,2.0,,ビジネス,ファッションビジネスジャーナリスト,3056.0
282,吉田将英,,,,,,,,,,1.0,,ビジネス,プロジェクトディレクター / 電通若者研究部 研究員,3881.0
283,宇佐美進典,,,,,,,,,,1.0,,ビジネス,CARTA HOLDINGS 代表取締役会長,12087.0
284,羽生田慶介,,,,,,,,,,1.0,,ビジネス,オウルズコンサルティンググループ 代表取締役CEO,454.0
285,小池藍,,,,,,,,,,2.0,,ビジネス,"GO FUND, LLP GP,代表パートナー",12754.0
286,ウジトモコ,,,,,,,,,,2.0,,ビジネス,（株）ウジパブリシティー 戦略デザインコンサルタント / アートディレクター,6161.0
287,松田琢磨,,,,,,,,,,1.0,,ビジネス,拓殖大学商学部 教授,2207.0
288,川島薫,,,,,,,,,,2.0,,ビジネス,楽天ソシオビジネス株式会社 代表取締役社長,452.0
289,中島好美,,,,,,,,,,2.0,,ビジネス,事業構想大学院大学 特任教授,13799.0
290,金谷元気,,,,,,,,,,1.0,,ビジネス,akippa株式会社 代表取締役社長 CEO,15414.0
291,松田千恵子,,,,,,,,,,2.0,,ビジネス,東京都立大学 東京都立大学大学院　経営学研究科　教授,9059.0
292,澤山陽平,,,,,,,,,,1.0,,ビジネス,Coral Capital 創業パートナー,10315.0
293,津田建二,,,,,,,,,,1.0,,ビジネス,国際技術ジャーナリスト,809.0
294,遠藤直紀,,,,,,,,,,1.0,,ビジネス,株式会社ビービット 代表取締役,3620.0
295,内藤修,,,,,,,,,,1.0,,ビジネス,帝国データバンク 横浜支店情報部長,49846.0
296,佐渡島庸平,,,,,,,,,,1.0,,ビジネス,コルク 代表取締役社長,27184.0
297,高田敦史,,,,,,,,,,1.0,,ビジネス,A.T. Marketing Solution 代表,35659.0
298,竹本祐也,,,,,,,,,,1.0,,ビジネス,株式会社WACUL 取締役CFO,3356.0
299,角井亮一,,,,,,,,,,1.0,,ビジネス,戦略物流専門家 「アマゾンと物流大戦争」「物流革命2021」「すごい物流戦略」など日米中韓台越で、33冊以上出す著者であり、起業家,40585.0
300,田中慎一,,,,,,,,,,1.0,,ビジネス,(株)インテグリティ 財務戦略アドバイザー/代表取締役,50790.0
301,重松大輔,,,,,,,,,,1.0,,ビジネス,株式会社スペースマーケット 代表取締役社長 /シェアリングエコノミー協会代表理事,9499.0
302,占部伸一郎,,,,,,,,,,1.0,,ビジネス,コーポレイトディレクション パートナー,267290.0
303,朝倉祐介,,,,,,,,,,1.0,,ビジネス,シニフィアン 共同代表,203624.0
304,吉田勇也,,,,,,,,,,1.0,,ビジネス,株式会社HARTi／HARTi Inc. 代表取締役CEO,2227.0
305,波頭亮,,,,,,,,,,1.0,,ビジネス,XEED 経営コンサルタント,70971.0
306,村上誠典,,,,,,,,,,1.0,,ビジネス,Signifiant Co-Founder,14066.0
307,井手直行,,,,,,,,,,1.0,,ビジネス,株式会社ヤッホーブルーイング 代表取締役社長,25065.0
308,武井涼子,,,,,,,,,,2.0,,ビジネス,グロービス経営大学院大学／二期会  准教授／声楽家,79658.0
309,黄未来,,,,,,,,,,2.0,,ビジネス,中国トレンドマーケター,5752.0
310,リュウシーチャウ,,,,,,,,,,2.0,,ビジネス,レノボ・ジャパン合同会社 CMO,3119.0
311,長島聡,,,,,,,,,,1.0,,ビジネス,きづきアーキテクト株式会社 代表取締役,12704.0
312,岩本涼,,,,,,,,,,1.0,,ビジネス,株式会社TeaRoom 代表取締役,7349.0
313,島田太郎,,,,,,,,,,1.0,,テクノロジー,株式会社 東芝 執行役上席常務 Vice President Chief Digital Officer,50620.0
314,柴田巧,,,,,,,,,,1.0,,テクノロジー,JIW 代表取締役社長／技術士（情報工学）,5427.0
315,柴田暁,,,,,,,,,,1.0,,テクノロジー,シバタアキラ,5165.0
316,海部美知,,,,,,,,,,2.0,,テクノロジー,ENOTECH Consulting CEO,64624.0
317,横山直人,,,,,,,,,,1.0,,テクノロジー,株式会社フライウィール CEO & Co-founder,7918.0
318,池田博樹,,,,,,,,,,1.0,,テクノロジー,5G開発会社 執行役員（工学博士）、米国と中国駐在歴,17799.0
319,千葉功太郎,,,,,,,,,,1.0,,テクノロジー,DRONE FUND/千葉道場/ 投資家/航空パイロット,12380.0
320,石田真康,,,,,,,,,,1.0,,テクノロジー,SPACETIDE 代表理事兼CEO A.T. カーニー ディレクター,4946.0
321,白石陽介,,,,,,,,,,1.0,,テクノロジー,株式会社ARIGATOBANK 代表取締役CEO / 東京都DXフェロー,17180.0
322,矢野和男,,,,,,,,,,1.0,,テクノロジー,(株)ハピネスプラネット 代表取締役CEO (株)日立製作所 フェロー,19219.0
323,若林秀樹,,,,,,,,,,1.0,,テクノロジー,東京理科大学　大学院経営学研究科技術経営(MOT)専攻　兼　総合研究院　技術経営金融工学社会実装研究部門　 教授 　専攻長　兼　研究部門長,100207.0
324,秋田夏実,,,,,,,,,,2.0,,テクノロジー,アドビ/情報経営イノベーション専門職大学客員教授/やまなし大使,21232.0
325,十河宏輔,,,,,,,,,,1.0,,テクノロジー,AnyMind Group CEO and CO-Founder,6514.0
326,大槻智洋,,,,,,,,,,1.0,,テクノロジー,日本の老舗インキュベーター Incubation and Investment Manager,10707.0
327,牧野泰才,,,,,,,,,,1.0,,テクノロジー,東京大学大学院新領域創成科学研究科 准教授,55479.0
328,須藤憲司,,,,,,,,,,1.0,,テクノロジー,株式会社Kaizen Platform 代表取締役,17631.0
329,早崎公威,,,,,,,,,,1.0,,テクノロジー,忠北大学 天文宇宙科学科 准教授,60151.0
330,宮島衣瑛,,,,,,,,,,1.0,,テクノロジー,（株）Innovation Power  代表取締役社長,1366.0
331,大塚泰子,,,,,,,,,,2.0,,テクノロジー,日本IBM 戦略コンサルティング　パートナー,10638.0
332,澤円,,,,,,,,,,1.0,,テクノロジー,株式会社圓窓 代表取締役,17908.0
333,国光宏尚,,,,,,,,,,1.0,,テクノロジー,gumi 取締役会長,125721.0
334,土屋武司,,,,,,,,,,1.0,,テクノロジー,東京大学 大学院工学系研究科 航空宇宙工学専攻 教授,58765.0
335,井上裕美,,,,,,,,,,2.0,,テクノロジー,日本アイ・ビー・エムデジタルサービス株式会社 代表取締役社長,7797.0
336,西尾素己,,,,,,,,,,1.0,,テクノロジー,多摩大学ルール形成戦略研究所 客員教授,20067.0
337,大隈健史,,,,,,,,,,1.0,,テクノロジー,富士通クライアントコンピューティング 代表取締役社長,1953.0
338,八子知礼,,,,,,,,,,1.0,,テクノロジー,株式会社INDUSTRIAL-X 代表取締役,16358.0
339,小川高子,,,,,,,,,,2.0,,テクノロジー,パナリット株式会社 CEO,4021.0
340,葉村真樹,,,,,,,,,,1.0,,テクノロジー,ボストンコンサルティンググループ パートナー＆アソシエイトディレクター,57941.0
341,小野雅裕,,,,,,,,,,1.0,,テクノロジー,NASA Jet Propulsion Laboratory 技術者・作家,223968.0
342,任宜,,,,,,,,,,1.0,,テクノロジー,SmartNews Inc. 取締役CSO,32234.0
343,大槻祐依,,,,,,,,,,2.0,,テクノロジー,株式会社FinT 代表取締役CEO,7591.0
344,橋本賢二,,,,,,,,,,1.0,,キャリア,キャリア教育研究家,10986.0
345,藤本あゆみ,,,,,,,,,,2.0,,キャリア,一般社団法人at Will Work | Plug and Play Japan 代表理事 | 執行役員 CMO,15880.0
346,讃井康智,,,,,,,,,,1.0,,キャリア,ライフイズテック 取締役 最高教育戦略責任者,40556.0
347,坪田信貴,,,,,,,,,,1.0,,キャリア,坪田塾 塾長/ビリギャル著者,12050.0
348,曽根秀晶,,,,,,,,,,1.0,,キャリア,ランサーズ株式会社 取締役,23303.0
349,北野唯我,,,,,,,,,,1.0,,キャリア,著述家／ワンキャリア 取締役,13167.0
350,木原誠太郎,,,,,,,,,,1.0,,キャリア,ディグラム・ラボ 代表取締役,19533.0
351,松本麻美,,,,,,,,,,2.0,,キャリア,アクティブ・コネクター株式会社 代表取締役,5377.0
352,前刀禎明,,,,,,,,,,1.0,,キャリア,REALDEAR CEO,54337.0
353,平田麻莉,,,,,,,,,,2.0,,キャリア,プロフェッショナル&パラレルキャリア・フリーランス協会 代表理事,6441.0
354,山崎万里子,,,,,,,,,,2.0,,キャリア,ユナイテッドアローズ 執行役員　人事担当,29582.0
355,田中美和,,,,,,,,,,2.0,,キャリア,（株）Waris共同代表/（一社）プロフェッショナル&パラレルキャリア・フリーランス協会理事,2805.0
356,小宮山利恵子,,,,,,,,,,2.0,,キャリア,スタディサプリ教育AI研究所所長、東京学芸大学大学院准教授,160747.0
357,石田裕子,,,,,,,,,,2.0,,キャリア,株式会社サイバーエージェント 専務執行役員,12758.0
358,石田秀樹,,,,,,,,,,1.0,,キャリア,"IBM Partner, Talent & Transformation Japan Lead",7464.0
359,安田雅彦,,,,,,,,,,1.0,,キャリア,ラッシュジャパン 人事部長　Head of People,33582.0
